engine,case,phase,sample,seconds
tonic,integer_loop,compile,0,3.5625e-05
tonic,integer_loop,compile,1,3.1167e-05
tonic,integer_loop,compile,2,3.5917e-05
tonic,integer_loop,compile,3,3.6334e-05
tonic,integer_loop,compile,4,3.4208e-05
tonic,integer_loop,compile,5,3.2208e-05
tonic,integer_loop,compile,6,3.5833e-05
tonic,integer_loop,compile,7,2.925e-05
tonic,integer_loop,compile,8,2.8375e-05
tonic,integer_loop,compile,9,2.7666e-05
tonic,integer_loop,compile,10,3.0542e-05
tonic,integer_loop,compile,11,3.1e-05
tonic,integer_loop,compile,12,3.0417e-05
tonic,integer_loop,compile,13,2.7792e-05
tonic,integer_loop,compile,14,2.7375e-05
tonic,integer_loop,compile,15,2.7292e-05
tonic,integer_loop,compile,16,2.7292e-05
tonic,integer_loop,compile,17,2.725e-05
tonic,integer_loop,compile,18,2.7125e-05
tonic,integer_loop,compile,19,2.9625e-05
tonic,integer_loop,compile,20,3.0459e-05
tonic,integer_loop,compile,21,2.7834e-05
tonic,integer_loop,compile,22,2.7125e-05
tonic,integer_loop,compile,23,2.675e-05
tonic,integer_loop,compile,24,2.7208e-05
tonic,integer_loop,compile,25,2.7667e-05
tonic,integer_loop,compile,26,2.675e-05
tonic,integer_loop,compile,27,2.7208e-05
tonic,integer_loop,compile,28,2.6875e-05
tonic,integer_loop,compile,29,2.7e-05
tonic,integer_loop,warm_run,0,0.005864875
tonic,integer_loop,warm_run,1,0.005590417
tonic,integer_loop,warm_run,2,0.005400375
tonic,integer_loop,warm_run,3,0.005240916
tonic,integer_loop,warm_run,4,0.005096083
tonic,integer_loop,warm_run,5,0.004960792
tonic,integer_loop,warm_run,6,0.004862917
tonic,integer_loop,warm_run,7,0.004859833
tonic,integer_loop,warm_run,8,0.004861875
tonic,integer_loop,warm_run,9,0.00494925
tonic,integer_loop,warm_run,10,0.004667334
tonic,integer_loop,warm_run,11,0.004900667
tonic,integer_loop,warm_run,12,0.004891292
tonic,integer_loop,warm_run,13,0.004895
tonic,integer_loop,warm_run,14,0.004978167
tonic,integer_loop,warm_run,15,0.00462275
tonic,integer_loop,warm_run,16,0.004797666
tonic,integer_loop,warm_run,17,0.0048335
tonic,integer_loop,warm_run,18,0.004770417
tonic,integer_loop,warm_run,19,0.0047275
tonic,integer_loop,warm_run,20,0.004692208
tonic,integer_loop,warm_run,21,0.004793125
tonic,integer_loop,warm_run,22,0.004765875
tonic,integer_loop,warm_run,23,0.004874208
tonic,integer_loop,warm_run,24,0.004880708
tonic,integer_loop,warm_run,25,0.004922083
tonic,integer_loop,warm_run,26,0.004708417
tonic,integer_loop,warm_run,27,0.004789958
tonic,integer_loop,warm_run,28,0.004806542
tonic,integer_loop,warm_run,29,0.004843083
tonic,fib_calls,compile,0,2.6875e-05
tonic,fib_calls,compile,1,2.9416e-05
tonic,fib_calls,compile,2,2.9375e-05
tonic,fib_calls,compile,3,3.1792e-05
tonic,fib_calls,compile,4,3.0792e-05
tonic,fib_calls,compile,5,2.9958e-05
tonic,fib_calls,compile,6,3.275e-05
tonic,fib_calls,compile,7,3.0042e-05
tonic,fib_calls,compile,8,2.9083e-05
tonic,fib_calls,compile,9,3.0083e-05
tonic,fib_calls,compile,10,2.95e-05
tonic,fib_calls,compile,11,2.4958e-05
tonic,fib_calls,compile,12,2.7041e-05
tonic,fib_calls,compile,13,2.6541e-05
tonic,fib_calls,compile,14,2.6584e-05
tonic,fib_calls,compile,15,2.6584e-05
tonic,fib_calls,compile,16,2.775e-05
tonic,fib_calls,compile,17,2.6541e-05
tonic,fib_calls,compile,18,2.65e-05
tonic,fib_calls,compile,19,2.6292e-05
tonic,fib_calls,compile,20,2.6417e-05
tonic,fib_calls,compile,21,2.6458e-05
tonic,fib_calls,compile,22,2.675e-05
tonic,fib_calls,compile,23,2.375e-05
tonic,fib_calls,compile,24,2.675e-05
tonic,fib_calls,compile,25,2.6625e-05
tonic,fib_calls,compile,26,2.6375e-05
tonic,fib_calls,compile,27,2.6667e-05
tonic,fib_calls,compile,28,2.6584e-05
tonic,fib_calls,compile,29,2.6416e-05
tonic,fib_calls,warm_run,0,0.002396666
tonic,fib_calls,warm_run,1,0.002425333
tonic,fib_calls,warm_run,2,0.002496791
tonic,fib_calls,warm_run,3,0.0023875
tonic,fib_calls,warm_run,4,0.002426375
tonic,fib_calls,warm_run,5,0.002424917
tonic,fib_calls,warm_run,6,0.002412875
tonic,fib_calls,warm_run,7,0.002410917
tonic,fib_calls,warm_run,8,0.002446375
tonic,fib_calls,warm_run,9,0.002473
tonic,fib_calls,warm_run,10,0.002422209
tonic,fib_calls,warm_run,11,0.002427583
tonic,fib_calls,warm_run,12,0.002431875
tonic,fib_calls,warm_run,13,0.002424917
tonic,fib_calls,warm_run,14,0.002427459
tonic,fib_calls,warm_run,15,0.002480167
tonic,fib_calls,warm_run,16,0.0022715
tonic,fib_calls,warm_run,17,0.002371792
tonic,fib_calls,warm_run,18,0.002367292
tonic,fib_calls,warm_run,19,0.002391208
tonic,fib_calls,warm_run,20,0.002397417
tonic,fib_calls,warm_run,21,0.002410791
tonic,fib_calls,warm_run,22,0.002466375
tonic,fib_calls,warm_run,23,0.002433625
tonic,fib_calls,warm_run,24,0.0024145
tonic,fib_calls,warm_run,25,0.0024135
tonic,fib_calls,warm_run,26,0.002413291
tonic,fib_calls,warm_run,27,0.002428791
tonic,fib_calls,warm_run,28,0.002413416
tonic,fib_calls,warm_run,29,0.002477125
tonic,known_calls,compile,0,1.4209e-05
tonic,known_calls,compile,1,1.8792e-05
tonic,known_calls,compile,2,1.8167e-05
tonic,known_calls,compile,3,1.7916e-05
tonic,known_calls,compile,4,1.8375e-05
tonic,known_calls,compile,5,1.7833e-05
tonic,known_calls,compile,6,1.6875e-05
tonic,known_calls,compile,7,1.7833e-05
tonic,known_calls,compile,8,1.5875e-05
tonic,known_calls,compile,9,1.775e-05
tonic,known_calls,compile,10,1.7958e-05
tonic,known_calls,compile,11,1.6625e-05
tonic,known_calls,compile,12,2e-05
tonic,known_calls,compile,13,1.7959e-05
tonic,known_calls,compile,14,1.6084e-05
tonic,known_calls,compile,15,1.9292e-05
tonic,known_calls,compile,16,1.8416e-05
tonic,known_calls,compile,17,1.6209e-05
tonic,known_calls,compile,18,1.7625e-05
tonic,known_calls,compile,19,1.5625e-05
tonic,known_calls,compile,20,1.7667e-05
tonic,known_calls,compile,21,1.7708e-05
tonic,known_calls,compile,22,1.6875e-05
tonic,known_calls,compile,23,1.7542e-05
tonic,known_calls,compile,24,1.5708e-05
tonic,known_calls,compile,25,1.7333e-05
tonic,known_calls,compile,26,1.55e-05
tonic,known_calls,compile,27,1.775e-05
tonic,known_calls,compile,28,1.6542e-05
tonic,known_calls,compile,29,1.7667e-05
tonic,known_calls,warm_run,0,0.001109875
tonic,known_calls,warm_run,1,0.0011365
tonic,known_calls,warm_run,2,0.001136458
tonic,known_calls,warm_run,3,0.001146417
tonic,known_calls,warm_run,4,0.001145583
tonic,known_calls,warm_run,5,0.001139041
tonic,known_calls,warm_run,6,0.001145958
tonic,known_calls,warm_run,7,0.001210458
tonic,known_calls,warm_run,8,0.001131458
tonic,known_calls,warm_run,9,0.001159542
tonic,known_calls,warm_run,10,0.001150167
tonic,known_calls,warm_run,11,0.001162416
tonic,known_calls,warm_run,12,0.001146792
tonic,known_calls,warm_run,13,0.001150125
tonic,known_calls,warm_run,14,0.001157083
tonic,known_calls,warm_run,15,0.001168334
tonic,known_calls,warm_run,16,0.00114575
tonic,known_calls,warm_run,17,0.001163917
tonic,known_calls,warm_run,18,0.001174167
tonic,known_calls,warm_run,19,0.001157208
tonic,known_calls,warm_run,20,0.001157208
tonic,known_calls,warm_run,21,0.001200542
tonic,known_calls,warm_run,22,0.001131333
tonic,known_calls,warm_run,23,0.001086542
tonic,known_calls,warm_run,24,0.001114708
tonic,known_calls,warm_run,25,0.001118708
tonic,known_calls,warm_run,26,0.001133792
tonic,known_calls,warm_run,27,0.001108333
tonic,known_calls,warm_run,28,0.001135916
tonic,known_calls,warm_run,29,0.001134417
tonic,float_loop,compile,0,1.0083e-05
tonic,float_loop,compile,1,1.2875e-05
tonic,float_loop,compile,2,1.2208e-05
tonic,float_loop,compile,3,1.2833e-05
tonic,float_loop,compile,4,1.2625e-05
tonic,float_loop,compile,5,1.2875e-05
tonic,float_loop,compile,6,1.2792e-05
tonic,float_loop,compile,7,1.2666e-05
tonic,float_loop,compile,8,1.275e-05
tonic,float_loop,compile,9,1.2667e-05
tonic,float_loop,compile,10,1.2e-05
tonic,float_loop,compile,11,1.2875e-05
tonic,float_loop,compile,12,1.2167e-05
tonic,float_loop,compile,13,1.2708e-05
tonic,float_loop,compile,14,1.1083e-05
tonic,float_loop,compile,15,1.2666e-05
tonic,float_loop,compile,16,1.1042e-05
tonic,float_loop,compile,17,1.2833e-05
tonic,float_loop,compile,18,1.0917e-05
tonic,float_loop,compile,19,1.275e-05
tonic,float_loop,compile,20,1.1167e-05
tonic,float_loop,compile,21,1.2708e-05
tonic,float_loop,compile,22,1.2834e-05
tonic,float_loop,compile,23,1.2667e-05
tonic,float_loop,compile,24,9.417e-06
tonic,float_loop,compile,25,1.0958e-05
tonic,float_loop,compile,26,1.15e-05
tonic,float_loop,compile,27,9.625e-06
tonic,float_loop,compile,28,1.1125e-05
tonic,float_loop,compile,29,1.15e-05
tonic,float_loop,warm_run,0,0.000696917
tonic,float_loop,warm_run,1,0.000702792
tonic,float_loop,warm_run,2,0.000703625
tonic,float_loop,warm_run,3,0.000734875
tonic,float_loop,warm_run,4,0.0006955
tonic,float_loop,warm_run,5,0.000616
tonic,float_loop,warm_run,6,0.000613542
tonic,float_loop,warm_run,7,0.00067875
tonic,float_loop,warm_run,8,0.000643417
tonic,float_loop,warm_run,9,0.000663666
tonic,float_loop,warm_run,10,0.000666666
tonic,float_loop,warm_run,11,0.000662416
tonic,float_loop,warm_run,12,0.000652917
tonic,float_loop,warm_run,13,0.000670167
tonic,float_loop,warm_run,14,0.000651542
tonic,float_loop,warm_run,15,0.000666375
tonic,float_loop,warm_run,16,0.000669958
tonic,float_loop,warm_run,17,0.000658917
tonic,float_loop,warm_run,18,0.000671334
tonic,float_loop,warm_run,19,0.000670125
tonic,float_loop,warm_run,20,0.000668666
tonic,float_loop,warm_run,21,0.000674708
tonic,float_loop,warm_run,22,0.000671292
tonic,float_loop,warm_run,23,0.000672334
tonic,float_loop,warm_run,24,0.000673708
tonic,float_loop,warm_run,25,0.000667292
tonic,float_loop,warm_run,26,0.000676959
tonic,float_loop,warm_run,27,0.000675875
tonic,float_loop,warm_run,28,0.000724459
tonic,float_loop,warm_run,29,0.000684
tonic,list_iteration,compile,0,1.9167e-05
tonic,list_iteration,compile,1,2.25e-05
tonic,list_iteration,compile,2,2.2583e-05
tonic,list_iteration,compile,3,2.2459e-05
tonic,list_iteration,compile,4,2.225e-05
tonic,list_iteration,compile,5,2.175e-05
tonic,list_iteration,compile,6,2.1209e-05
tonic,list_iteration,compile,7,2.0042e-05
tonic,list_iteration,compile,8,1.9833e-05
tonic,list_iteration,compile,9,1.7833e-05
tonic,list_iteration,compile,10,1.975e-05
tonic,list_iteration,compile,11,2.0042e-05
tonic,list_iteration,compile,12,1.9959e-05
tonic,list_iteration,compile,13,1.7708e-05
tonic,list_iteration,compile,14,2e-05
tonic,list_iteration,compile,15,2.025e-05
tonic,list_iteration,compile,16,1.825e-05
tonic,list_iteration,compile,17,2.0166e-05
tonic,list_iteration,compile,18,1.975e-05
tonic,list_iteration,compile,19,2.0042e-05
tonic,list_iteration,compile,20,1.8959e-05
tonic,list_iteration,compile,21,2.0167e-05
tonic,list_iteration,compile,22,1.8042e-05
tonic,list_iteration,compile,23,1.9875e-05
tonic,list_iteration,compile,24,1.9958e-05
tonic,list_iteration,compile,25,1.9917e-05
tonic,list_iteration,compile,26,1.8125e-05
tonic,list_iteration,compile,27,1.9834e-05
tonic,list_iteration,compile,28,1.9958e-05
tonic,list_iteration,compile,29,2.1208e-05
tonic,list_iteration,warm_run,0,0.000267083
tonic,list_iteration,warm_run,1,0.000265084
tonic,list_iteration,warm_run,2,0.000260833
tonic,list_iteration,warm_run,3,0.000255459
tonic,list_iteration,warm_run,4,0.000260958
tonic,list_iteration,warm_run,5,0.000261334
tonic,list_iteration,warm_run,6,0.000260458
tonic,list_iteration,warm_run,7,0.000262208
tonic,list_iteration,warm_run,8,0.000261667
tonic,list_iteration,warm_run,9,0.000261375
tonic,list_iteration,warm_run,10,0.000260833
tonic,list_iteration,warm_run,11,0.000261875
tonic,list_iteration,warm_run,12,0.000260791
tonic,list_iteration,warm_run,13,0.000261083
tonic,list_iteration,warm_run,14,0.000262833
tonic,list_iteration,warm_run,15,0.000264708
tonic,list_iteration,warm_run,16,0.000257667
tonic,list_iteration,warm_run,17,0.0002635
tonic,list_iteration,warm_run,18,0.000263042
tonic,list_iteration,warm_run,19,0.0002645
tonic,list_iteration,warm_run,20,0.000262417
tonic,list_iteration,warm_run,21,0.0002625
tonic,list_iteration,warm_run,22,0.000262917
tonic,list_iteration,warm_run,23,0.000257375
tonic,list_iteration,warm_run,24,0.000259833
tonic,list_iteration,warm_run,25,0.000263
tonic,list_iteration,warm_run,26,0.000266041
tonic,list_iteration,warm_run,27,0.000262334
tonic,list_iteration,warm_run,28,0.0002645
tonic,list_iteration,warm_run,29,0.000264416
tonic,closure_calls,compile,0,1.8792e-05
tonic,closure_calls,compile,1,2.4167e-05
tonic,closure_calls,compile,2,2.3959e-05
tonic,closure_calls,compile,3,2.3833e-05
tonic,closure_calls,compile,4,2.4041e-05
tonic,closure_calls,compile,5,2.3667e-05
tonic,closure_calls,compile,6,2.1417e-05
tonic,closure_calls,compile,7,2.15e-05
tonic,closure_calls,compile,8,2.1708e-05
tonic,closure_calls,compile,9,2.1375e-05
tonic,closure_calls,compile,10,2.1333e-05
tonic,closure_calls,compile,11,2.15e-05
tonic,closure_calls,compile,12,1.7625e-05
tonic,closure_calls,compile,13,2.1625e-05
tonic,closure_calls,compile,14,2.1417e-05
tonic,closure_calls,compile,15,2.1458e-05
tonic,closure_calls,compile,16,2.1625e-05
tonic,closure_calls,compile,17,2.1292e-05
tonic,closure_calls,compile,18,2.1584e-05
tonic,closure_calls,compile,19,2.1375e-05
tonic,closure_calls,compile,20,1.8708e-05
tonic,closure_calls,compile,21,2.3625e-05
tonic,closure_calls,compile,22,2.2792e-05
tonic,closure_calls,compile,23,2.1666e-05
tonic,closure_calls,compile,24,2.3708e-05
tonic,closure_calls,compile,25,2.3708e-05
tonic,closure_calls,compile,26,2.3708e-05
tonic,closure_calls,compile,27,2.325e-05
tonic,closure_calls,compile,28,2.15e-05
tonic,closure_calls,compile,29,2.1333e-05
tonic,closure_calls,warm_run,0,0.001034375
tonic,closure_calls,warm_run,1,0.001046583
tonic,closure_calls,warm_run,2,0.00107525
tonic,closure_calls,warm_run,3,0.00106225
tonic,closure_calls,warm_run,4,0.001064917
tonic,closure_calls,warm_run,5,0.001076792
tonic,closure_calls,warm_run,6,0.001082459
tonic,closure_calls,warm_run,7,0.001069208
tonic,closure_calls,warm_run,8,0.001081875
tonic,closure_calls,warm_run,9,0.001071834
tonic,closure_calls,warm_run,10,0.001088542
tonic,closure_calls,warm_run,11,0.001080208
tonic,closure_calls,warm_run,12,0.001065084
tonic,closure_calls,warm_run,13,0.0010935
tonic,closure_calls,warm_run,14,0.001130166
tonic,closure_calls,warm_run,15,0.001077667
tonic,closure_calls,warm_run,16,0.001089834
tonic,closure_calls,warm_run,17,0.001076958
tonic,closure_calls,warm_run,18,0.001088375
tonic,closure_calls,warm_run,19,0.001088834
tonic,closure_calls,warm_run,20,0.001077458
tonic,closure_calls,warm_run,21,0.001096667
tonic,closure_calls,warm_run,22,0.001098791
tonic,closure_calls,warm_run,23,0.001092042
tonic,closure_calls,warm_run,24,0.001083417
tonic,closure_calls,warm_run,25,0.001091583
tonic,closure_calls,warm_run,26,0.001083625
tonic,closure_calls,warm_run,27,0.001072792
tonic,closure_calls,warm_run,28,0.001102625
tonic,closure_calls,warm_run,29,0.00107125
tonic,keyword_calls,compile,0,1.75e-05
tonic,keyword_calls,compile,1,2.2708e-05
tonic,keyword_calls,compile,2,2.2291e-05
tonic,keyword_calls,compile,3,2.1959e-05
tonic,keyword_calls,compile,4,2.1708e-05
tonic,keyword_calls,compile,5,2.1834e-05
tonic,keyword_calls,compile,6,2.175e-05
tonic,keyword_calls,compile,7,2.1959e-05
tonic,keyword_calls,compile,8,2.1708e-05
tonic,keyword_calls,compile,9,2.1917e-05
tonic,keyword_calls,compile,10,2.1542e-05
tonic,keyword_calls,compile,11,1.8959e-05
tonic,keyword_calls,compile,12,2.1667e-05
tonic,keyword_calls,compile,13,2.175e-05
tonic,keyword_calls,compile,14,2.1417e-05
tonic,keyword_calls,compile,15,2.1708e-05
tonic,keyword_calls,compile,16,2.1667e-05
tonic,keyword_calls,compile,17,2.1708e-05
tonic,keyword_calls,compile,18,2.1583e-05
tonic,keyword_calls,compile,19,1.8917e-05
tonic,keyword_calls,compile,20,2.1667e-05
tonic,keyword_calls,compile,21,2.1791e-05
tonic,keyword_calls,compile,22,2.1542e-05
tonic,keyword_calls,compile,23,2.1708e-05
tonic,keyword_calls,compile,24,2.175e-05
tonic,keyword_calls,compile,25,2.1625e-05
tonic,keyword_calls,compile,26,2.1583e-05
tonic,keyword_calls,compile,27,1.8875e-05
tonic,keyword_calls,compile,28,2.1625e-05
tonic,keyword_calls,compile,29,2.1708e-05
tonic,keyword_calls,warm_run,0,0.001342542
tonic,keyword_calls,warm_run,1,0.001370125
tonic,keyword_calls,warm_run,2,0.001386125
tonic,keyword_calls,warm_run,3,0.001358292
tonic,keyword_calls,warm_run,4,0.001403916
tonic,keyword_calls,warm_run,5,0.001299958
tonic,keyword_calls,warm_run,6,0.001309833
tonic,keyword_calls,warm_run,7,0.001338375
tonic,keyword_calls,warm_run,8,0.001362542
tonic,keyword_calls,warm_run,9,0.00134725
tonic,keyword_calls,warm_run,10,0.00135025
tonic,keyword_calls,warm_run,11,0.001363375
tonic,keyword_calls,warm_run,12,0.00137575
tonic,keyword_calls,warm_run,13,0.001366041
tonic,keyword_calls,warm_run,14,0.001373875
tonic,keyword_calls,warm_run,15,0.001380708
tonic,keyword_calls,warm_run,16,0.001403833
tonic,keyword_calls,warm_run,17,0.00135725
tonic,keyword_calls,warm_run,18,0.00132775
tonic,keyword_calls,warm_run,19,0.001352666
tonic,keyword_calls,warm_run,20,0.001362459
tonic,keyword_calls,warm_run,21,0.001366416
tonic,keyword_calls,warm_run,22,0.001367583
tonic,keyword_calls,warm_run,23,0.001377541
tonic,keyword_calls,warm_run,24,0.001386875
tonic,keyword_calls,warm_run,25,0.001362791
tonic,keyword_calls,warm_run,26,0.001382458
tonic,keyword_calls,warm_run,27,0.001375083
tonic,keyword_calls,warm_run,28,0.0013895
tonic,keyword_calls,warm_run,29,0.001393375
tonic,dict_lookup,compile,0,1.6542e-05
tonic,dict_lookup,compile,1,2.1e-05
tonic,dict_lookup,compile,2,1.9875e-05
tonic,dict_lookup,compile,3,1.8875e-05
tonic,dict_lookup,compile,4,1.8875e-05
tonic,dict_lookup,compile,5,1.7042e-05
tonic,dict_lookup,compile,6,1.8666e-05
tonic,dict_lookup,compile,7,2.0417e-05
tonic,dict_lookup,compile,8,2.1e-05
tonic,dict_lookup,compile,9,2.0709e-05
tonic,dict_lookup,compile,10,2.0875e-05
tonic,dict_lookup,compile,11,2.075e-05
tonic,dict_lookup,compile,12,2.0875e-05
tonic,dict_lookup,compile,13,2.0875e-05
tonic,dict_lookup,compile,14,2.1208e-05
tonic,dict_lookup,compile,15,2.0833e-05
tonic,dict_lookup,compile,16,1.8291e-05
tonic,dict_lookup,compile,17,2.0625e-05
tonic,dict_lookup,compile,18,2.0625e-05
tonic,dict_lookup,compile,19,2.075e-05
tonic,dict_lookup,compile,20,2.0834e-05
tonic,dict_lookup,compile,21,1.9375e-05
tonic,dict_lookup,compile,22,1.8625e-05
tonic,dict_lookup,compile,23,1.8708e-05
tonic,dict_lookup,compile,24,1.6e-05
tonic,dict_lookup,compile,25,1.8792e-05
tonic,dict_lookup,compile,26,1.7667e-05
tonic,dict_lookup,compile,27,1.8666e-05
tonic,dict_lookup,compile,28,1.8875e-05
tonic,dict_lookup,compile,29,1.7917e-05
tonic,dict_lookup,warm_run,0,0.0009555
tonic,dict_lookup,warm_run,1,0.000965125
tonic,dict_lookup,warm_run,2,0.000973667
tonic,dict_lookup,warm_run,3,0.00096525
tonic,dict_lookup,warm_run,4,0.000962084
tonic,dict_lookup,warm_run,5,0.000963583
tonic,dict_lookup,warm_run,6,0.000982917
tonic,dict_lookup,warm_run,7,0.000969583
tonic,dict_lookup,warm_run,8,0.000968791
tonic,dict_lookup,warm_run,9,0.001047583
tonic,dict_lookup,warm_run,10,0.000965958
tonic,dict_lookup,warm_run,11,0.000981542
tonic,dict_lookup,warm_run,12,0.000968125
tonic,dict_lookup,warm_run,13,0.00097275
tonic,dict_lookup,warm_run,14,0.00096425
tonic,dict_lookup,warm_run,15,0.000981834
tonic,dict_lookup,warm_run,16,0.000989833
tonic,dict_lookup,warm_run,17,0.000987167
tonic,dict_lookup,warm_run,18,0.000976666
tonic,dict_lookup,warm_run,19,0.0009825
tonic,dict_lookup,warm_run,20,0.000985208
tonic,dict_lookup,warm_run,21,0.0009895
tonic,dict_lookup,warm_run,22,0.000991917
tonic,dict_lookup,warm_run,23,0.000972
tonic,dict_lookup,warm_run,24,0.000989667
tonic,dict_lookup,warm_run,25,0.000982292
tonic,dict_lookup,warm_run,26,0.00098625
tonic,dict_lookup,warm_run,27,0.000887584
tonic,dict_lookup,warm_run,28,0.000885833
tonic,dict_lookup,warm_run,29,0.000929792
tonic,dict_insert,compile,0,1.2125e-05
tonic,dict_insert,compile,1,1.5958e-05
tonic,dict_insert,compile,2,1.5417e-05
tonic,dict_insert,compile,3,1.4542e-05
tonic,dict_insert,compile,4,1.5541e-05
tonic,dict_insert,compile,5,1.525e-05
tonic,dict_insert,compile,6,1.2959e-05
tonic,dict_insert,compile,7,1.5292e-05
tonic,dict_insert,compile,8,1.4375e-05
tonic,dict_insert,compile,9,1.5083e-05
tonic,dict_insert,compile,10,1.5125e-05
tonic,dict_insert,compile,11,1.3916e-05
tonic,dict_insert,compile,12,1.1708e-05
tonic,dict_insert,compile,13,1.3875e-05
tonic,dict_insert,compile,14,1.1791e-05
tonic,dict_insert,compile,15,1.3709e-05
tonic,dict_insert,compile,16,1.2e-05
tonic,dict_insert,compile,17,1.375e-05
tonic,dict_insert,compile,18,1.1708e-05
tonic,dict_insert,compile,19,1.375e-05
tonic,dict_insert,compile,20,1.1875e-05
tonic,dict_insert,compile,21,1.375e-05
tonic,dict_insert,compile,22,1.1792e-05
tonic,dict_insert,compile,23,1.3875e-05
tonic,dict_insert,compile,24,1.1875e-05
tonic,dict_insert,compile,25,1.3791e-05
tonic,dict_insert,compile,26,1.1833e-05
tonic,dict_insert,compile,27,1.3792e-05
tonic,dict_insert,compile,28,1.1958e-05
tonic,dict_insert,compile,29,1.3667e-05
tonic,dict_insert,warm_run,0,0.001064166
tonic,dict_insert,warm_run,1,0.001076958
tonic,dict_insert,warm_run,2,0.0010685
tonic,dict_insert,warm_run,3,0.00107325
tonic,dict_insert,warm_run,4,0.001081625
tonic,dict_insert,warm_run,5,0.001115416
tonic,dict_insert,warm_run,6,0.000986541
tonic,dict_insert,warm_run,7,0.001009917
tonic,dict_insert,warm_run,8,0.00103375
tonic,dict_insert,warm_run,9,0.001052208
tonic,dict_insert,warm_run,10,0.001057125
tonic,dict_insert,warm_run,11,0.001041958
tonic,dict_insert,warm_run,12,0.001053834
tonic,dict_insert,warm_run,13,0.001056708
tonic,dict_insert,warm_run,14,0.001053625
tonic,dict_insert,warm_run,15,0.001059625
tonic,dict_insert,warm_run,16,0.001054208
tonic,dict_insert,warm_run,17,0.001060458
tonic,dict_insert,warm_run,18,0.0010585
tonic,dict_insert,warm_run,19,0.001089292
tonic,dict_insert,warm_run,20,0.001061042
tonic,dict_insert,warm_run,21,0.001134667
tonic,dict_insert,warm_run,22,0.0010655
tonic,dict_insert,warm_run,23,0.001066917
tonic,dict_insert,warm_run,24,0.001069833
tonic,dict_insert,warm_run,25,0.001070292
tonic,dict_insert,warm_run,26,0.001069208
tonic,dict_insert,warm_run,27,0.001074709
tonic,dict_insert,warm_run,28,0.001060291
tonic,dict_insert,warm_run,29,0.001080958
tonic,attribute_load,compile,0,1.5292e-05
tonic,attribute_load,compile,1,1.9625e-05
tonic,attribute_load,compile,2,1.9583e-05
tonic,attribute_load,compile,3,1.9459e-05
tonic,attribute_load,compile,4,1.9333e-05
tonic,attribute_load,compile,5,1.9625e-05
tonic,attribute_load,compile,6,1.9583e-05
tonic,attribute_load,compile,7,1.8041e-05
tonic,attribute_load,compile,8,1.9291e-05
tonic,attribute_load,compile,9,1.925e-05
tonic,attribute_load,compile,10,1.7375e-05
tonic,attribute_load,compile,11,1.5959e-05
tonic,attribute_load,compile,12,1.7542e-05
tonic,attribute_load,compile,13,1.7458e-05
tonic,attribute_load,compile,14,1.625e-05
tonic,attribute_load,compile,15,1.7333e-05
tonic,attribute_load,compile,16,1.75e-05
tonic,attribute_load,compile,17,1.6334e-05
tonic,attribute_load,compile,18,1.75e-05
tonic,attribute_load,compile,19,1.7417e-05
tonic,attribute_load,compile,20,1.6666e-05
tonic,attribute_load,compile,21,1.8958e-05
tonic,attribute_load,compile,22,1.9333e-05
tonic,attribute_load,compile,23,1.9083e-05
tonic,attribute_load,compile,24,1.9167e-05
tonic,attribute_load,compile,25,1.6834e-05
tonic,attribute_load,compile,26,1.9166e-05
tonic,attribute_load,compile,27,1.9334e-05
tonic,attribute_load,compile,28,1.9292e-05
tonic,attribute_load,compile,29,1.9333e-05
tonic,attribute_load,warm_run,0,0.000831583
tonic,attribute_load,warm_run,1,0.000843834
tonic,attribute_load,warm_run,2,0.000787791
tonic,attribute_load,warm_run,3,0.000808875
tonic,attribute_load,warm_run,4,0.000839166
tonic,attribute_load,warm_run,5,0.000839334
tonic,attribute_load,warm_run,6,0.000839
tonic,attribute_load,warm_run,7,0.000830917
tonic,attribute_load,warm_run,8,0.00083875
tonic,attribute_load,warm_run,9,0.000853
tonic,attribute_load,warm_run,10,0.000858583
tonic,attribute_load,warm_run,11,0.000850375
tonic,attribute_load,warm_run,12,0.000845334
tonic,attribute_load,warm_run,13,0.000853833
tonic,attribute_load,warm_run,14,0.00084725
tonic,attribute_load,warm_run,15,0.0008435
tonic,attribute_load,warm_run,16,0.000857666
tonic,attribute_load,warm_run,17,0.000851667
tonic,attribute_load,warm_run,18,0.000845708
tonic,attribute_load,warm_run,19,0.000833042
tonic,attribute_load,warm_run,20,0.000845542
tonic,attribute_load,warm_run,21,0.000884625
tonic,attribute_load,warm_run,22,0.000844958
tonic,attribute_load,warm_run,23,0.000851084
tonic,attribute_load,warm_run,24,0.0008545
tonic,attribute_load,warm_run,25,0.000853292
tonic,attribute_load,warm_run,26,0.000852875
tonic,attribute_load,warm_run,27,0.000854916
tonic,attribute_load,warm_run,28,0.0008575
tonic,attribute_load,warm_run,29,0.000834917
tonic,bound_method_calls,compile,0,1.8083e-05
tonic,bound_method_calls,compile,1,2.3292e-05
tonic,bound_method_calls,compile,2,2.2667e-05
tonic,bound_method_calls,compile,3,2.0792e-05
tonic,bound_method_calls,compile,4,2.0708e-05
tonic,bound_method_calls,compile,5,2.0625e-05
tonic,bound_method_calls,compile,6,2.0792e-05
tonic,bound_method_calls,compile,7,1.825e-05
tonic,bound_method_calls,compile,8,2.1292e-05
tonic,bound_method_calls,compile,9,2.1875e-05
tonic,bound_method_calls,compile,10,2.2916e-05
tonic,bound_method_calls,compile,11,2.3167e-05
tonic,bound_method_calls,compile,12,2.2875e-05
tonic,bound_method_calls,compile,13,2.2709e-05
tonic,bound_method_calls,compile,14,2.275e-05
tonic,bound_method_calls,compile,15,2.2875e-05
tonic,bound_method_calls,compile,16,2.3042e-05
tonic,bound_method_calls,compile,17,2.2833e-05
tonic,bound_method_calls,compile,18,2.3e-05
tonic,bound_method_calls,compile,19,2.2416e-05
tonic,bound_method_calls,compile,20,2.075e-05
tonic,bound_method_calls,compile,21,1.875e-05
tonic,bound_method_calls,compile,22,2.075e-05
tonic,bound_method_calls,compile,23,1.825e-05
tonic,bound_method_calls,compile,24,2.0916e-05
tonic,bound_method_calls,compile,25,2.7792e-05
tonic,bound_method_calls,compile,26,2.0875e-05
tonic,bound_method_calls,compile,27,1.9125e-05
tonic,bound_method_calls,compile,28,2.0541e-05
tonic,bound_method_calls,compile,29,2.0875e-05
tonic,bound_method_calls,warm_run,0,0.00173175
tonic,bound_method_calls,warm_run,1,0.001713666
tonic,bound_method_calls,warm_run,2,0.001759959
tonic,bound_method_calls,warm_run,3,0.001716875
tonic,bound_method_calls,warm_run,4,0.001752667
tonic,bound_method_calls,warm_run,5,0.001736708
tonic,bound_method_calls,warm_run,6,0.001731
tonic,bound_method_calls,warm_run,7,0.001754708
tonic,bound_method_calls,warm_run,8,0.001794667
tonic,bound_method_calls,warm_run,9,0.001731625
tonic,bound_method_calls,warm_run,10,0.001703584
tonic,bound_method_calls,warm_run,11,0.001762375
tonic,bound_method_calls,warm_run,12,0.001709333
tonic,bound_method_calls,warm_run,13,0.001755583
tonic,bound_method_calls,warm_run,14,0.001727833
tonic,bound_method_calls,warm_run,15,0.001737125
tonic,bound_method_calls,warm_run,16,0.001759708
tonic,bound_method_calls,warm_run,17,0.001789708
tonic,bound_method_calls,warm_run,18,0.001735834
tonic,bound_method_calls,warm_run,19,0.001697459
tonic,bound_method_calls,warm_run,20,0.001755417
tonic,bound_method_calls,warm_run,21,0.0017135
tonic,bound_method_calls,warm_run,22,0.00174925
tonic,bound_method_calls,warm_run,23,0.00174075
tonic,bound_method_calls,warm_run,24,0.001737
tonic,bound_method_calls,warm_run,25,0.001748583
tonic,bound_method_calls,warm_run,26,0.001771
tonic,bound_method_calls,warm_run,27,0.001620209
tonic,bound_method_calls,warm_run,28,0.001627959
tonic,bound_method_calls,warm_run,29,0.001715917
tonic,descriptor_load,compile,0,2.1792e-05
tonic,descriptor_load,compile,1,2.8125e-05
tonic,descriptor_load,compile,2,2.6916e-05
tonic,descriptor_load,compile,3,2.6875e-05
tonic,descriptor_load,compile,4,2.7083e-05
tonic,descriptor_load,compile,5,2.6917e-05
tonic,descriptor_load,compile,6,2.7209e-05
tonic,descriptor_load,compile,7,2.7833e-05
tonic,descriptor_load,compile,8,2.5541e-05
tonic,descriptor_load,compile,9,2.5041e-05
tonic,descriptor_load,compile,10,2.4916e-05
tonic,descriptor_load,compile,11,2.5e-05
tonic,descriptor_load,compile,12,2.4917e-05
tonic,descriptor_load,compile,13,2.525e-05
tonic,descriptor_load,compile,14,2.5167e-05
tonic,descriptor_load,compile,15,2.475e-05
tonic,descriptor_load,compile,16,2.4791e-05
tonic,descriptor_load,compile,17,2.4792e-05
tonic,descriptor_load,compile,18,2.4916e-05
tonic,descriptor_load,compile,19,2.4917e-05
tonic,descriptor_load,compile,20,2.4833e-05
tonic,descriptor_load,compile,21,2.4792e-05
tonic,descriptor_load,compile,22,2.5208e-05
tonic,descriptor_load,compile,23,2.4875e-05
tonic,descriptor_load,compile,24,2.5125e-05
tonic,descriptor_load,compile,25,2.475e-05
tonic,descriptor_load,compile,26,2.4833e-05
tonic,descriptor_load,compile,27,2.4958e-05
tonic,descriptor_load,compile,28,2.5125e-05
tonic,descriptor_load,compile,29,2.5e-05
tonic,descriptor_load,warm_run,0,0.002067625
tonic,descriptor_load,warm_run,1,0.002075208
tonic,descriptor_load,warm_run,2,0.0020855
tonic,descriptor_load,warm_run,3,0.002078125
tonic,descriptor_load,warm_run,4,0.002072
tonic,descriptor_load,warm_run,5,0.002127834
tonic,descriptor_load,warm_run,6,0.002125709
tonic,descriptor_load,warm_run,7,0.00208525
tonic,descriptor_load,warm_run,8,0.001940334
tonic,descriptor_load,warm_run,9,0.002047375
tonic,descriptor_load,warm_run,10,0.002031917
tonic,descriptor_load,warm_run,11,0.002011959
tonic,descriptor_load,warm_run,12,0.002079375
tonic,descriptor_load,warm_run,13,0.002060375
tonic,descriptor_load,warm_run,14,0.002030792
tonic,descriptor_load,warm_run,15,0.002118041
tonic,descriptor_load,warm_run,16,0.001967792
tonic,descriptor_load,warm_run,17,0.001999541
tonic,descriptor_load,warm_run,18,0.002044625
tonic,descriptor_load,warm_run,19,0.002023083
tonic,descriptor_load,warm_run,20,0.0020355
tonic,descriptor_load,warm_run,21,0.002040916
tonic,descriptor_load,warm_run,22,0.002045667
tonic,descriptor_load,warm_run,23,0.0020905
tonic,descriptor_load,warm_run,24,0.002003333
tonic,descriptor_load,warm_run,25,0.002124708
tonic,descriptor_load,warm_run,26,0.002108
tonic,descriptor_load,warm_run,27,0.002126208
tonic,descriptor_load,warm_run,28,0.002124416
tonic,descriptor_load,warm_run,29,0.002128792
tonic,super_calls,compile,0,2.5292e-05
tonic,super_calls,compile,1,3.0333e-05
tonic,super_calls,compile,2,3.025e-05
tonic,super_calls,compile,3,2.8792e-05
tonic,super_calls,compile,4,2.8292e-05
tonic,super_calls,compile,5,2.825e-05
tonic,super_calls,compile,6,2.8375e-05
tonic,super_calls,compile,7,2.8167e-05
tonic,super_calls,compile,8,2.7958e-05
tonic,super_calls,compile,9,2.8334e-05
tonic,super_calls,compile,10,3.0584e-05
tonic,super_calls,compile,11,3.1416e-05
tonic,super_calls,compile,12,3.0417e-05
tonic,super_calls,compile,13,3.0208e-05
tonic,super_calls,compile,14,3.025e-05
tonic,super_calls,compile,15,3.0584e-05
tonic,super_calls,compile,16,3.0292e-05
tonic,super_calls,compile,17,3.0333e-05
tonic,super_calls,compile,18,3.0125e-05
tonic,super_calls,compile,19,3.1958e-05
tonic,super_calls,compile,20,2.9e-05
tonic,super_calls,compile,21,2.8125e-05
tonic,super_calls,compile,22,2.8458e-05
tonic,super_calls,compile,23,2.9e-05
tonic,super_calls,compile,24,2.825e-05
tonic,super_calls,compile,25,2.825e-05
tonic,super_calls,compile,26,2.825e-05
tonic,super_calls,compile,27,3.0166e-05
tonic,super_calls,compile,28,2.6833e-05
tonic,super_calls,compile,29,3.0209e-05
tonic,super_calls,warm_run,0,0.003218542
tonic,super_calls,warm_run,1,0.003550292
tonic,super_calls,warm_run,2,0.003542958
tonic,super_calls,warm_run,3,0.003475416
tonic,super_calls,warm_run,4,0.003618917
tonic,super_calls,warm_run,5,0.003611083
tonic,super_calls,warm_run,6,0.003537
tonic,super_calls,warm_run,7,0.003532792
tonic,super_calls,warm_run,8,0.00353175
tonic,super_calls,warm_run,9,0.003275375
tonic,super_calls,warm_run,10,0.003446458
tonic,super_calls,warm_run,11,0.003405459
tonic,super_calls,warm_run,12,0.003343209
tonic,super_calls,warm_run,13,0.003472792
tonic,super_calls,warm_run,14,0.00351025
tonic,super_calls,warm_run,15,0.003391583
tonic,super_calls,warm_run,16,0.003438917
tonic,super_calls,warm_run,17,0.003506333
tonic,super_calls,warm_run,18,0.003404125
tonic,super_calls,warm_run,19,0.003420875
tonic,super_calls,warm_run,20,0.003416
tonic,super_calls,warm_run,21,0.003445625
tonic,super_calls,warm_run,22,0.003546834
tonic,super_calls,warm_run,23,0.0034945
tonic,super_calls,warm_run,24,0.003334625
tonic,super_calls,warm_run,25,0.003473583
tonic,super_calls,warm_run,26,0.003512834
tonic,super_calls,warm_run,27,0.003363792
tonic,super_calls,warm_run,28,0.003448084
tonic,super_calls,warm_run,29,0.003411625
cpython,attribute_load,compile,0,1.750001683831215e-05
cpython,attribute_load,compile,1,1.8084014300256968e-05
cpython,attribute_load,compile,2,1.745900954119861e-05
cpython,attribute_load,compile,3,1.7332989955320954e-05
cpython,attribute_load,compile,4,1.720900763757527e-05
cpython,attribute_load,compile,5,1.7166981706395745e-05
cpython,attribute_load,compile,6,1.704200985841453e-05
cpython,attribute_load,compile,7,1.6874982975423336e-05
cpython,attribute_load,compile,8,1.704200985841453e-05
cpython,attribute_load,compile,9,1.7082988051697612e-05
cpython,attribute_load,compile,10,1.7000013031065464e-05
cpython,attribute_load,compile,11,1.695798709988594e-05
cpython,attribute_load,compile,12,1.691601937636733e-05
cpython,attribute_load,compile,13,1.7207989003509283e-05
cpython,attribute_load,compile,14,1.6874982975423336e-05
cpython,attribute_load,compile,15,1.6875012079253793e-05
cpython,attribute_load,compile,16,1.6915990272536874e-05
cpython,attribute_load,compile,17,1.7125013982877135e-05
cpython,attribute_load,compile,18,1.683298614807427e-05
cpython,attribute_load,compile,19,1.7041020328179002e-05
cpython,attribute_load,compile,20,1.6874982975423336e-05
cpython,attribute_load,compile,21,1.733301905915141e-05
cpython,attribute_load,compile,22,1.6915990272536874e-05
cpython,attribute_load,compile,23,1.6833015251904726e-05
cpython,attribute_load,compile,24,1.7082988051697612e-05
cpython,attribute_load,compile,25,1.750001683831215e-05
cpython,attribute_load,compile,26,1.6834004782140255e-05
cpython,attribute_load,compile,27,1.704200985841453e-05
cpython,attribute_load,compile,28,1.6916979802772403e-05
cpython,attribute_load,compile,29,1.7332989955320954e-05
cpython,attribute_load,warm_run,0,0.0005442909896373749
cpython,attribute_load,warm_run,1,0.0005558330158237368
cpython,attribute_load,warm_run,2,0.0005427919968497008
cpython,attribute_load,warm_run,3,0.0005433750047814101
cpython,attribute_load,warm_run,4,0.0005431250028777868
cpython,attribute_load,warm_run,5,0.0005368749843910336
cpython,attribute_load,warm_run,6,0.000538958003744483
cpython,attribute_load,warm_run,7,0.0005487920134328306
cpython,attribute_load,warm_run,8,0.0005414580227807164
cpython,attribute_load,warm_run,9,0.0005492079944815487
cpython,attribute_load,warm_run,10,0.0005484579887706786
cpython,attribute_load,warm_run,11,0.0005771669966634363
cpython,attribute_load,warm_run,12,0.0005505000008270144
cpython,attribute_load,warm_run,13,0.000549082993529737
cpython,attribute_load,warm_run,14,0.000551959004951641
cpython,attribute_load,warm_run,15,0.0005491249903570861
cpython,attribute_load,warm_run,16,0.0005542080034501851
cpython,attribute_load,warm_run,17,0.000622583000222221
cpython,attribute_load,warm_run,18,0.0005475830112118274
cpython,attribute_load,warm_run,19,0.0005540000274777412
cpython,attribute_load,warm_run,20,0.0005562500155065209
cpython,attribute_load,warm_run,21,0.00055383300059475
cpython,attribute_load,warm_run,22,0.0005540419952012599
cpython,attribute_load,warm_run,23,0.0005541249993257225
cpython,attribute_load,warm_run,24,0.0005539999983739108
cpython,attribute_load,warm_run,25,0.000555957987671718
cpython,attribute_load,warm_run,26,0.000553791003767401
cpython,attribute_load,warm_run,27,0.00055383300059475
cpython,attribute_load,warm_run,28,0.0005705000075977296
cpython,attribute_load,warm_run,29,0.0005558329867199063
cpython,bound_method_calls,compile,0,2.5040993932634592e-05
cpython,bound_method_calls,compile,1,2.4832988856360316e-05
cpython,bound_method_calls,compile,2,2.5042012566700578e-05
cpython,bound_method_calls,compile,3,2.462498378008604e-05
cpython,bound_method_calls,compile,4,2.4667009711265564e-05
cpython,bound_method_calls,compile,5,2.3667002096772194e-05
cpython,bound_method_calls,compile,6,2.237502485513687e-05
cpython,bound_method_calls,compile,7,2.245799987576902e-05
cpython,bound_method_calls,compile,8,2.491599298082292e-05
cpython,bound_method_calls,compile,9,2.4708017008379102e-05
cpython,bound_method_calls,compile,10,2.4749984731897712e-05
cpython,bound_method_calls,compile,11,2.4500011932104826e-05
cpython,bound_method_calls,compile,12,2.441700780764222e-05
cpython,bound_method_calls,compile,13,2.4708017008379102e-05
cpython,bound_method_calls,compile,14,2.4667009711265564e-05
cpython,bound_method_calls,compile,15,2.4542008759453893e-05
cpython,bound_method_calls,compile,16,2.4957989808171988e-05
cpython,bound_method_calls,compile,17,2.4667009711265564e-05
cpython,bound_method_calls,compile,18,2.4625012883916497e-05
cpython,bound_method_calls,compile,19,2.4540990125387907e-05
cpython,bound_method_calls,compile,20,2.4375010980293155e-05
cpython,bound_method_calls,compile,21,2.5374989490956068e-05
cpython,bound_method_calls,compile,22,2.4708017008379102e-05
cpython,bound_method_calls,compile,23,2.4500011932104826e-05
cpython,bound_method_calls,compile,24,2.4999986635521054e-05
cpython,bound_method_calls,compile,25,2.4625012883916497e-05
cpython,bound_method_calls,compile,26,2.3707980290055275e-05
cpython,bound_method_calls,compile,27,2.258399035781622e-05
cpython,bound_method_calls,compile,28,2.4500011932104826e-05
cpython,bound_method_calls,compile,29,2.4707987904548645e-05
cpython,bound_method_calls,warm_run,0,0.0007171250181272626
cpython,bound_method_calls,warm_run,1,0.0007302090234588832
cpython,bound_method_calls,warm_run,2,0.0006903749890625477
cpython,bound_method_calls,warm_run,3,0.0006285420095082372
cpython,bound_method_calls,warm_run,4,0.0007330829976126552
cpython,bound_method_calls,warm_run,5,0.0006569580000359565
cpython,bound_method_calls,warm_run,6,0.001971541001694277
cpython,bound_method_calls,warm_run,7,0.0007005409861449152
cpython,bound_method_calls,warm_run,8,0.0006949170201551169
cpython,bound_method_calls,warm_run,9,0.0007103750249370933
cpython,bound_method_calls,warm_run,10,0.0007050409913063049
cpython,bound_method_calls,warm_run,11,0.0006969170062802732
cpython,bound_method_calls,warm_run,12,0.0007018750184215605
cpython,bound_method_calls,warm_run,13,0.0007081250078044832
cpython,bound_method_calls,warm_run,14,0.0007037499744910747
cpython,bound_method_calls,warm_run,15,0.0007068749982863665
cpython,bound_method_calls,warm_run,16,0.0007177080260589719
cpython,bound_method_calls,warm_run,17,0.0007081670046318322
cpython,bound_method_calls,warm_run,18,0.0007164580165408552
cpython,bound_method_calls,warm_run,19,0.0007195419748313725
cpython,bound_method_calls,warm_run,20,0.0007122910174075514
cpython,bound_method_calls,warm_run,21,0.0007093329913914204
cpython,bound_method_calls,warm_run,22,0.0007089580176398158
cpython,bound_method_calls,warm_run,23,0.0007218329992610961
cpython,bound_method_calls,warm_run,24,0.0007084999815560877
cpython,bound_method_calls,warm_run,25,0.0007102500239852816
cpython,bound_method_calls,warm_run,26,0.0007065419922582805
cpython,bound_method_calls,warm_run,27,0.0007200840045697987
cpython,bound_method_calls,warm_run,28,0.0007112500024959445
cpython,bound_method_calls,warm_run,29,0.000705457990989089
cpython,closure_calls,compile,0,2.6374997105449438e-05
cpython,closure_calls,compile,1,2.633300027810037e-05
cpython,closure_calls,compile,2,2.6458001229912043e-05
cpython,closure_calls,compile,3,2.5957997422665358e-05
cpython,closure_calls,compile,4,2.5832996470853686e-05
cpython,closure_calls,compile,5,2.566599869169295e-05
cpython,closure_calls,compile,6,2.549999044276774e-05
cpython,closure_calls,compile,7,2.5749992346391082e-05
cpython,closure_calls,compile,8,2.562499139457941e-05
cpython,closure_calls,compile,9,2.5667017325758934e-05
cpython,closure_calls,compile,10,2.5457993615418673e-05
cpython,closure_calls,compile,11,2.5541987270116806e-05
cpython,closure_calls,compile,12,2.541701542213559e-05
cpython,closure_calls,compile,13,2.5874993298202753e-05
cpython,closure_calls,compile,14,2.5582994567230344e-05
cpython,closure_calls,compile,15,2.5375018594786525e-05
cpython,closure_calls,compile,16,2.541701542213559e-05
cpython,closure_calls,compile,17,2.449998282827437e-05
cpython,closure_calls,compile,18,2.300000051036477e-05
cpython,closure_calls,compile,19,2.3083004634827375e-05
cpython,closure_calls,compile,20,2.2833002731204033e-05
cpython,closure_calls,compile,21,2.4125009076669812e-05
cpython,closure_calls,compile,22,2.5332992663607e-05
cpython,closure_calls,compile,23,2.5333021767437458e-05
cpython,closure_calls,compile,24,2.5332992663607e-05
cpython,closure_calls,compile,25,2.562499139457941e-05
cpython,closure_calls,compile,26,2.5582994567230344e-05
cpython,closure_calls,compile,27,2.5416986318305135e-05
cpython,closure_calls,compile,28,2.5541987270116806e-05
cpython,closure_calls,compile,29,2.541701542213559e-05
cpython,closure_calls,warm_run,0,0.0005590000073425472
cpython,closure_calls,warm_run,1,0.0005732080026064068
cpython,closure_calls,warm_run,2,0.0005622910102829337
cpython,closure_calls,warm_run,3,0.0005847080028615892
cpython,closure_calls,warm_run,4,0.0005634579865727574
cpython,closure_calls,warm_run,5,0.0005583750025834888
cpython,closure_calls,warm_run,6,0.0005729999975301325
cpython,closure_calls,warm_run,7,0.0005661250033881515
cpython,closure_calls,warm_run,8,0.000571833981666714
cpython,closure_calls,warm_run,9,0.0005723749927710742
cpython,closure_calls,warm_run,10,0.0005509170005097985
cpython,closure_calls,warm_run,11,0.0005743750080000609
cpython,closure_calls,warm_run,12,0.0005974999803584069
cpython,closure_calls,warm_run,13,0.000558541010832414
cpython,closure_calls,warm_run,14,0.000559959007659927
cpython,closure_calls,warm_run,15,0.0005845830019097775
cpython,closure_calls,warm_run,16,0.0005614580004476011
cpython,closure_calls,warm_run,17,0.0005859579832758754
cpython,closure_calls,warm_run,18,0.0005623750039376318
cpython,closure_calls,warm_run,19,0.000559957989025861
cpython,closure_calls,warm_run,20,0.0005872909969184548
cpython,closure_calls,warm_run,21,0.0005832089809700847
cpython,closure_calls,warm_run,22,0.0005927089951001108
cpython,closure_calls,warm_run,23,0.0005683339841198176
cpython,closure_calls,warm_run,24,0.0005776250036433339
cpython,closure_calls,warm_run,25,0.0005835829942952842
cpython,closure_calls,warm_run,26,0.0005595410184469074
cpython,closure_calls,warm_run,27,0.0006038330029696226
cpython,closure_calls,warm_run,28,0.0005876249924767762
cpython,closure_calls,warm_run,29,0.0005892080080229789
cpython,descriptor_load,compile,0,3.262498648837209e-05
cpython,descriptor_load,compile,1,3.2499985536560416e-05
cpython,descriptor_load,compile,2,3.258301876485348e-05
cpython,descriptor_load,compile,3,3.2499985536560416e-05
cpython,descriptor_load,compile,4,3.245798870921135e-05
cpython,descriptor_load,compile,5,3.229198046028614e-05
cpython,descriptor_load,compile,6,3.225001273676753e-05
cpython,descriptor_load,compile,7,3.183301305398345e-05
cpython,descriptor_load,compile,8,2.970799687318504e-05
cpython,descriptor_load,compile,9,3.100000321865082e-05
cpython,descriptor_load,compile,10,3.258298966102302e-05
cpython,descriptor_load,compile,11,3.2042007660493255e-05
cpython,descriptor_load,compile,12,3.258298966102302e-05
cpython,descriptor_load,compile,13,3.283299156464636e-05
cpython,descriptor_load,compile,14,3.258298966102302e-05
cpython,descriptor_load,compile,15,3.2249983632937074e-05
cpython,descriptor_load,compile,16,3.245798870921135e-05
cpython,descriptor_load,compile,17,3.199998172931373e-05
cpython,descriptor_load,compile,18,3.241701051592827e-05
cpython,descriptor_load,compile,19,3.229198046028614e-05
cpython,descriptor_load,compile,20,3.22920095641166e-05
cpython,descriptor_load,compile,21,3.245798870921135e-05
cpython,descriptor_load,compile,22,3.254201146773994e-05
cpython,descriptor_load,compile,23,3.0000024707987905e-05
cpython,descriptor_load,compile,24,2.9166985768824816e-05
cpython,descriptor_load,compile,25,3.208301495760679e-05
cpython,descriptor_load,compile,26,3.233298775739968e-05
cpython,descriptor_load,compile,27,3.23750136885792e-05
cpython,descriptor_load,compile,28,3.216697950847447e-05
cpython,descriptor_load,compile,29,3.225001273676753e-05
cpython,descriptor_load,warm_run,0,0.0008806669793557376
cpython,descriptor_load,warm_run,1,0.0008235420100390911
cpython,descriptor_load,warm_run,2,0.0007442500209435821
cpython,descriptor_load,warm_run,3,0.0007746249902993441
cpython,descriptor_load,warm_run,4,0.0007937919872347265
cpython,descriptor_load,warm_run,5,0.0007991660095285624
cpython,descriptor_load,warm_run,6,0.0008130829955916852
cpython,descriptor_load,warm_run,7,0.0008011250174604356
cpython,descriptor_load,warm_run,8,0.0008231669780798256
cpython,descriptor_load,warm_run,9,0.0007871669949963689
cpython,descriptor_load,warm_run,10,0.0008286669908557087
cpython,descriptor_load,warm_run,11,0.0008222500036936253
cpython,descriptor_load,warm_run,12,0.000819791981484741
cpython,descriptor_load,warm_run,13,0.0008331659773830324
cpython,descriptor_load,warm_run,14,0.0008206659986171871
cpython,descriptor_load,warm_run,15,0.0008207499922718853
cpython,descriptor_load,warm_run,16,0.0008208329963963479
cpython,descriptor_load,warm_run,17,0.0008199579897336662
cpython,descriptor_load,warm_run,18,0.0008416670025326312
cpython,descriptor_load,warm_run,19,0.0008161250152625144
cpython,descriptor_load,warm_run,20,0.0008232090040110052
cpython,descriptor_load,warm_run,21,0.0008420420053880662
cpython,descriptor_load,warm_run,22,0.0008184590260498226
cpython,descriptor_load,warm_run,23,0.0008277500164695084
cpython,descriptor_load,warm_run,24,0.0008361669897567481
cpython,descriptor_load,warm_run,25,0.0008438329969067127
cpython,descriptor_load,warm_run,26,0.00082562500028871
cpython,descriptor_load,warm_run,27,0.0008244159980677068
cpython,descriptor_load,warm_run,28,0.0008374580065719783
cpython,descriptor_load,warm_run,29,0.0008249999955296516
cpython,dict_insert,compile,0,1.4124991139397025e-05
cpython,dict_insert,compile,1,1.4165998436510563e-05
cpython,dict_insert,compile,2,1.4124991139397025e-05
cpython,dict_insert,compile,3,1.400001929141581e-05
cpython,dict_insert,compile,4,1.391698606312275e-05
cpython,dict_insert,compile,5,1.3957993360236287e-05
cpython,dict_insert,compile,6,1.400001929141581e-05
cpython,dict_insert,compile,7,1.3958982890471816e-05
cpython,dict_insert,compile,8,1.4083983842283487e-05
cpython,dict_insert,compile,9,1.3959011994302273e-05
cpython,dict_insert,compile,10,1.3958982890471816e-05
cpython,dict_insert,compile,11,1.3791985111311078e-05
cpython,dict_insert,compile,12,1.400001929141581e-05
cpython,dict_insert,compile,13,1.5457975678145885e-05
cpython,dict_insert,compile,14,1.4374993043020368e-05
cpython,dict_insert,compile,15,1.404198701493442e-05
cpython,dict_insert,compile,16,1.4040997484698892e-05
cpython,dict_insert,compile,17,1.4040997484698892e-05
cpython,dict_insert,compile,18,1.3874989235773683e-05
cpython,dict_insert,compile,19,1.400001929141581e-05
cpython,dict_insert,compile,20,1.3833021512255073e-05
cpython,dict_insert,compile,21,1.3832992408424616e-05
cpython,dict_insert,compile,22,1.3957993360236287e-05
cpython,dict_insert,compile,23,1.3917015166953206e-05
cpython,dict_insert,compile,24,1.3708980986848474e-05
cpython,dict_insert,compile,25,1.3832992408424616e-05
cpython,dict_insert,compile,26,1.3791985111311078e-05
cpython,dict_insert,compile,27,1.3832992408424616e-05
cpython,dict_insert,compile,28,1.3833021512255073e-05
cpython,dict_insert,compile,29,1.3874989235773683e-05
cpython,dict_insert,warm_run,0,0.0005392080056481063
cpython,dict_insert,warm_run,1,0.0005398750072345138
cpython,dict_insert,warm_run,2,0.0005395830085035414
cpython,dict_insert,warm_run,3,0.0005419579974841326
cpython,dict_insert,warm_run,4,0.0005296659946907312
cpython,dict_insert,warm_run,5,0.0005413329927250743
cpython,dict_insert,warm_run,6,0.0005408340075518936
cpython,dict_insert,warm_run,7,0.000542209018021822
cpython,dict_insert,warm_run,8,0.0005404170078691095
cpython,dict_insert,warm_run,9,0.0005480839754454792
cpython,dict_insert,warm_run,10,0.0005236249999143183
cpython,dict_insert,warm_run,11,0.0005031659966334701
cpython,dict_insert,warm_run,12,0.0004871250130236149
cpython,dict_insert,warm_run,13,0.0005406670097727329
cpython,dict_insert,warm_run,14,0.000526624993653968
cpython,dict_insert,warm_run,15,0.000524458009749651
cpython,dict_insert,warm_run,16,0.0005243339983280748
cpython,dict_insert,warm_run,17,0.0005398330104071647
cpython,dict_insert,warm_run,18,0.000541082990821451
cpython,dict_insert,warm_run,19,0.0005352500011213124
cpython,dict_insert,warm_run,20,0.0005370419821701944
cpython,dict_insert,warm_run,21,0.0005372919840738177
cpython,dict_insert,warm_run,22,0.000540458015166223
cpython,dict_insert,warm_run,23,0.0005220839811954647
cpython,dict_insert,warm_run,24,0.0005395000043790787
cpython,dict_insert,warm_run,25,0.0005420829984359443
cpython,dict_insert,warm_run,26,0.0005417919892352074
cpython,dict_insert,warm_run,27,0.0005272499984130263
cpython,dict_insert,warm_run,28,0.0005253340059425682
cpython,dict_insert,warm_run,29,0.0005415840132627636
cpython,dict_lookup,compile,0,1.7417012713849545e-05
cpython,dict_lookup,compile,1,1.724998583085835e-05
cpython,dict_lookup,compile,2,1.7292011762037873e-05
cpython,dict_lookup,compile,3,1.724998583085835e-05
cpython,dict_lookup,compile,4,1.720900763757527e-05
cpython,dict_lookup,compile,5,1.7166981706395745e-05
cpython,dict_lookup,compile,6,1.7250014934688807e-05
cpython,dict_lookup,compile,7,1.712498487904668e-05
cpython,dict_lookup,compile,8,1.708301715552807e-05
cpython,dict_lookup,compile,9,1.7165992176160216e-05
cpython,dict_lookup,compile,10,1.7125013982877135e-05
cpython,dict_lookup,compile,11,1.7457990907132626e-05
cpython,dict_lookup,compile,12,1.708301715552807e-05
cpython,dict_lookup,compile,13,1.6874982975423336e-05
cpython,dict_lookup,compile,14,1.708301715552807e-05
cpython,dict_lookup,compile,15,1.6040983609855175e-05
cpython,dict_lookup,compile,16,1.541702658869326e-05
cpython,dict_lookup,compile,17,1.5416997484862804e-05
cpython,dict_lookup,compile,18,1.5499972505494952e-05
cpython,dict_lookup,compile,19,1.5458004781976342e-05
cpython,dict_lookup,compile,20,1.5416997484862804e-05
cpython,dict_lookup,compile,21,1.633400097489357e-05
cpython,dict_lookup,compile,22,1.712498487904668e-05
cpython,dict_lookup,compile,23,1.7250014934688807e-05
cpython,dict_lookup,compile,24,1.6999983927235007e-05
cpython,dict_lookup,compile,25,1.695798709988594e-05
cpython,dict_lookup,compile,26,1.6958016203716397e-05
cpython,dict_lookup,compile,27,1.6834004782140255e-05
cpython,dict_lookup,compile,28,1.6792007954791188e-05
cpython,dict_lookup,compile,29,1.6999983927235007e-05
cpython,dict_lookup,warm_run,0,0.0005423330003395677
cpython,dict_lookup,warm_run,1,0.0005152079975232482
cpython,dict_lookup,warm_run,2,0.0005052089982200414
cpython,dict_lookup,warm_run,3,0.0005255829892121255
cpython,dict_lookup,warm_run,4,0.0005104590090923011
cpython,dict_lookup,warm_run,5,0.0005325000092852861
cpython,dict_lookup,warm_run,6,0.0005387089913710952
cpython,dict_lookup,warm_run,7,0.0005364170065149665
cpython,dict_lookup,warm_run,8,0.0005387080018408597
cpython,dict_lookup,warm_run,9,0.000544749986147508
cpython,dict_lookup,warm_run,10,0.0005457499937620014
cpython,dict_lookup,warm_run,11,0.0005425419949460775
cpython,dict_lookup,warm_run,12,0.0005390419973991811
cpython,dict_lookup,warm_run,13,0.0005350830033421516
cpython,dict_lookup,warm_run,14,0.0005361250077839941
cpython,dict_lookup,warm_run,15,0.0005452079931274056
cpython,dict_lookup,warm_run,16,0.0005440840031951666
cpython,dict_lookup,warm_run,17,0.0005422499962151051
cpython,dict_lookup,warm_run,18,0.0005451250181067735
cpython,dict_lookup,warm_run,19,0.0005472919729072601
cpython,dict_lookup,warm_run,20,0.0005440420063678175
cpython,dict_lookup,warm_run,21,0.0005427080031950027
cpython,dict_lookup,warm_run,22,0.0005455419886857271
cpython,dict_lookup,warm_run,23,0.0005466250004246831
cpython,dict_lookup,warm_run,24,0.000545124989002943
cpython,dict_lookup,warm_run,25,0.0005449170130304992
cpython,dict_lookup,warm_run,26,0.0005447909934446216
cpython,dict_lookup,warm_run,27,0.000546583003597334
cpython,dict_lookup,warm_run,28,0.0005450409953482449
cpython,dict_lookup,warm_run,29,0.000545457995031029
cpython,fib_calls,compile,0,2.7125002816319466e-05
cpython,fib_calls,compile,1,2.6291992980986834e-05
cpython,fib_calls,compile,2,2.591600059531629e-05
cpython,fib_calls,compile,3,2.3667002096772194e-05
cpython,fib_calls,compile,4,2.400000812485814e-05
cpython,fib_calls,compile,5,2.6458001229912043e-05
cpython,fib_calls,compile,6,2.6124995201826096e-05
cpython,fib_calls,compile,7,2.6291992980986834e-05
cpython,fib_calls,compile,8,2.6291003450751305e-05
cpython,fib_calls,compile,9,2.5999994250014424e-05
cpython,fib_calls,compile,10,2.604199107736349e-05
cpython,fib_calls,compile,11,2.604199107736349e-05
cpython,fib_calls,compile,12,2.6249996153637767e-05
cpython,fib_calls,compile,13,2.591699012555182e-05
cpython,fib_calls,compile,14,2.591600059531629e-05
cpython,fib_calls,compile,15,2.5958026526495814e-05
cpython,fib_calls,compile,16,2.6124995201826096e-05
cpython,fib_calls,compile,17,2.883299021050334e-05
cpython,fib_calls,compile,18,2.6249996153637767e-05
cpython,fib_calls,compile,19,2.89160234387964e-05
cpython,fib_calls,compile,20,2.7542002499103546e-05
cpython,fib_calls,compile,21,2.8041977202519774e-05
cpython,fib_calls,compile,22,2.358300844207406e-05
cpython,fib_calls,compile,23,2.3667002096772194e-05
cpython,fib_calls,compile,24,2.341700019314885e-05
cpython,fib_calls,compile,25,2.3250002413988113e-05
cpython,fib_calls,compile,26,2.4707987904548645e-05
cpython,fib_calls,compile,27,2.591600059531629e-05
cpython,fib_calls,compile,28,2.62079993262887e-05
cpython,fib_calls,compile,29,2.616702113300562e-05
cpython,fib_calls,warm_run,0,0.0006390829803422093
cpython,fib_calls,warm_run,1,0.0006307080038823187
cpython,fib_calls,warm_run,2,0.0006325420108623803
cpython,fib_calls,warm_run,3,0.0006225419929251075
cpython,fib_calls,warm_run,4,0.000628332985797897
cpython,fib_calls,warm_run,5,0.0006327910232357681
cpython,fib_calls,warm_run,6,0.0006311250035651028
cpython,fib_calls,warm_run,7,0.0006489590159617364
cpython,fib_calls,warm_run,8,0.0006465420010499656
cpython,fib_calls,warm_run,9,0.0006372500211000443
cpython,fib_calls,warm_run,10,0.0006391659844666719
cpython,fib_calls,warm_run,11,0.0006416249962057918
cpython,fib_calls,warm_run,12,0.0006365420122165233
cpython,fib_calls,warm_run,13,0.0006389159825630486
cpython,fib_calls,warm_run,14,0.0006485000194516033
cpython,fib_calls,warm_run,15,0.0006386250024661422
cpython,fib_calls,warm_run,16,0.0006393329822458327
cpython,fib_calls,warm_run,17,0.0006382080027833581
cpython,fib_calls,warm_run,18,0.0006325420108623803
cpython,fib_calls,warm_run,19,0.0006452919915318489
cpython,fib_calls,warm_run,20,0.0006337079976219684
cpython,fib_calls,warm_run,21,0.000642832979792729
cpython,fib_calls,warm_run,22,0.0006453329988289624
cpython,fib_calls,warm_run,23,0.00065366699709557
cpython,fib_calls,warm_run,24,0.0006310000026132911
cpython,fib_calls,warm_run,25,0.0006443330203182995
cpython,fib_calls,warm_run,26,0.0006371669878717512
cpython,fib_calls,warm_run,27,0.0006319159874692559
cpython,fib_calls,warm_run,28,0.0006314580095931888
cpython,fib_calls,warm_run,29,0.0006275420018937439
cpython,float_loop,compile,0,1.1707976227626204e-05
cpython,float_loop,compile,1,1.3083015801385045e-05
cpython,float_loop,compile,2,1.2042000889778137e-05
cpython,float_loop,compile,3,1.1541007552295923e-05
cpython,float_loop,compile,4,1.1791998986154795e-05
cpython,float_loop,compile,5,1.158300437964499e-05
cpython,float_loop,compile,6,1.1708005331456661e-05
cpython,float_loop,compile,7,1.1500000255182385e-05
cpython,float_loop,compile,8,1.1500000255182385e-05
cpython,float_loop,compile,9,1.1540978448465466e-05
cpython,float_loop,compile,10,1.1542026186361909e-05
cpython,float_loop,compile,11,1.1500000255182385e-05
cpython,float_loop,compile,12,1.158300437964499e-05
cpython,float_loop,compile,13,1.1500000255182385e-05
cpython,float_loop,compile,14,1.1666998034343123e-05
cpython,float_loop,compile,15,1.1500000255182385e-05
cpython,float_loop,compile,16,1.1458992958068848e-05
cpython,float_loop,compile,17,1.1416996130719781e-05
cpython,float_loop,compile,18,1.1500000255182385e-05
cpython,float_loop,compile,19,1.1500000255182385e-05
cpython,float_loop,compile,20,1.1458003427833319e-05
cpython,float_loop,compile,21,1.1458003427833319e-05
cpython,float_loop,compile,22,1.1833006283268332e-05
cpython,float_loop,compile,23,1.1500000255182385e-05
cpython,float_loop,compile,24,1.1500000255182385e-05
cpython,float_loop,compile,25,1.1416996130719781e-05
cpython,float_loop,compile,26,1.1458003427833319e-05
cpython,float_loop,compile,27,1.1374999303370714e-05
cpython,float_loop,compile,28,1.1416996130719781e-05
cpython,float_loop,compile,29,1.1500000255182385e-05
cpython,float_loop,warm_run,0,0.00042112497612833977
cpython,float_loop,warm_run,1,0.0004208750033285469
cpython,float_loop,warm_run,2,0.00042733398731797934
cpython,float_loop,warm_run,3,0.00042395800119265914
cpython,float_loop,warm_run,4,0.00042333401506766677
cpython,float_loop,warm_run,5,0.00042229201062582433
cpython,float_loop,warm_run,6,0.0004189999890513718
cpython,float_loop,warm_run,7,0.0004227079916745424
cpython,float_loop,warm_run,8,0.00041862501529976726
cpython,float_loop,warm_run,9,0.0004168330051470548
cpython,float_loop,warm_run,10,0.0004207079764455557
cpython,float_loop,warm_run,11,0.0004145829880144447
cpython,float_loop,warm_run,12,0.0004175420035608113
cpython,float_loop,warm_run,13,0.00041149999015033245
cpython,float_loop,warm_run,14,0.0004217500099912286
cpython,float_loop,warm_run,15,0.00041958398651331663
cpython,float_loop,warm_run,16,0.00043287500739097595
cpython,float_loop,warm_run,17,0.00042237501475028694
cpython,float_loop,warm_run,18,0.0004116669879294932
cpython,float_loop,warm_run,19,0.0004212500061839819
cpython,float_loop,warm_run,20,0.00042058399412781
cpython,float_loop,warm_run,21,0.0004201669944450259
cpython,float_loop,warm_run,22,0.0004192079941276461
cpython,float_loop,warm_run,23,0.00041737500578165054
cpython,float_loop,warm_run,24,0.00041762497858144343
cpython,float_loop,warm_run,25,0.0004262500151526183
cpython,float_loop,warm_run,26,0.0004237910034134984
cpython,float_loop,warm_run,27,0.0004232499923091382
cpython,float_loop,warm_run,28,0.0004131250025238842
cpython,float_loop,warm_run,29,0.00041454198071733117
cpython,integer_loop,compile,0,1.1042022379115224e-05
cpython,integer_loop,compile,1,1.1208001524209976e-05
cpython,integer_loop,compile,2,1.1209020158275962e-05
cpython,integer_loop,compile,3,1.1124997399747372e-05
cpython,integer_loop,compile,4,1.129199517890811e-05
cpython,integer_loop,compile,5,1.116600469686091e-05
cpython,integer_loop,compile,6,1.1124997399747372e-05
cpython,integer_loop,compile,7,1.1208001524209976e-05
cpython,integer_loop,compile,8,1.1249998351559043e-05
cpython,integer_loop,compile,9,1.1249998351559043e-05
cpython,integer_loop,compile,10,1.116600469686091e-05
cpython,integer_loop,compile,11,1.1374999303370714e-05
cpython,integer_loop,compile,12,1.1208001524209976e-05
cpython,integer_loop,compile,13,1.1249998351559043e-05
cpython,integer_loop,compile,14,1.1333002476021647e-05
cpython,integer_loop,compile,15,1.129199517890811e-05
cpython,integer_loop,compile,16,1.1041993275284767e-05
cpython,integer_loop,compile,17,1.1166994227096438e-05
cpython,integer_loop,compile,18,1.1083990102633834e-05
cpython,integer_loop,compile,19,1.1167023330926895e-05
cpython,integer_loop,compile,20,1.1042022379115224e-05
cpython,integer_loop,compile,21,1.1042022379115224e-05
cpython,integer_loop,compile,22,1.1042022379115224e-05
cpython,integer_loop,compile,23,1.1124997399747372e-05
cpython,integer_loop,compile,24,1.1041003745049238e-05
cpython,integer_loop,compile,25,1.1083000572398305e-05
cpython,integer_loop,compile,26,1.0957999620586634e-05
cpython,integer_loop,compile,27,1.0958989150822163e-05
cpython,integer_loop,compile,28,1.1166994227096438e-05
cpython,integer_loop,compile,29,1.09999964479357e-05
cpython,integer_loop,warm_run,0,0.004927125002723187
cpython,integer_loop,warm_run,1,0.004921625019051135
cpython,integer_loop,warm_run,2,0.004960499994922429
cpython,integer_loop,warm_run,3,0.004958749981597066
cpython,integer_loop,warm_run,4,0.004972708004061133
cpython,integer_loop,warm_run,5,0.004974916024366394
cpython,integer_loop,warm_run,6,0.005085459008114412
cpython,integer_loop,warm_run,7,0.005258874996798113
cpython,integer_loop,warm_run,8,0.005284290993586183
cpython,integer_loop,warm_run,9,0.005223790998570621
cpython,integer_loop,warm_run,10,0.005182624998269603
cpython,integer_loop,warm_run,11,0.005185208021430299
cpython,integer_loop,warm_run,12,0.005198084021685645
cpython,integer_loop,warm_run,13,0.005194042023504153
cpython,integer_loop,warm_run,14,0.005183000001125038
cpython,integer_loop,warm_run,15,0.00519920900114812
cpython,integer_loop,warm_run,16,0.005195375008042902
cpython,integer_loop,warm_run,17,0.005192416982026771
cpython,integer_loop,warm_run,18,0.005188584007555619
cpython,integer_loop,warm_run,19,0.005187000002479181
cpython,integer_loop,warm_run,20,0.005121833004523069
cpython,integer_loop,warm_run,21,0.005123208014992997
cpython,integer_loop,warm_run,22,0.005149957985850051
cpython,integer_loop,warm_run,23,0.005120375019032508
cpython,integer_loop,warm_run,24,0.005130583012942225
cpython,integer_loop,warm_run,25,0.004942833009408787
cpython,integer_loop,warm_run,26,0.00494849999086
cpython,integer_loop,warm_run,27,0.004995541996322572
cpython,integer_loop,warm_run,28,0.005020957993110642
cpython,integer_loop,warm_run,29,0.005035125010181218
cpython,keyword_calls,compile,0,2.3500004317611456e-05
cpython,keyword_calls,compile,1,2.316600875928998e-05
cpython,keyword_calls,compile,2,2.3041997337713838e-05
cpython,keyword_calls,compile,3,2.28749995585531e-05
cpython,keyword_calls,compile,4,2.3208005586639047e-05
cpython,keyword_calls,compile,5,2.2958993213251233e-05
cpython,keyword_calls,compile,6,2.2833002731204033e-05
cpython,keyword_calls,compile,7,2.2791005903854966e-05
cpython,keyword_calls,compile,8,2.304100780747831e-05
cpython,keyword_calls,compile,9,2.270800177939236e-05
cpython,keyword_calls,compile,10,2.0957988454028964e-05
cpython,keyword_calls,compile,11,2.0791019778698683e-05
cpython,keyword_calls,compile,12,2.0665989723056555e-05
cpython,keyword_calls,compile,13,2.054101787507534e-05
cpython,keyword_calls,compile,14,2.2249994799494743e-05
cpython,keyword_calls,compile,15,2.270800177939236e-05
cpython,keyword_calls,compile,16,2.316699828952551e-05
cpython,keyword_calls,compile,17,2.258300082758069e-05
cpython,keyword_calls,compile,18,2.274999860674143e-05
cpython,keyword_calls,compile,19,2.300000051036477e-05
cpython,keyword_calls,compile,20,2.2958003683015704e-05
cpython,keyword_calls,compile,21,2.270800177939236e-05
cpython,keyword_calls,compile,22,2.2916996385902166e-05
cpython,keyword_calls,compile,23,2.270800177939236e-05
cpython,keyword_calls,compile,24,2.270800177939236e-05
cpython,keyword_calls,compile,25,2.2916006855666637e-05
cpython,keyword_calls,compile,26,2.3333006538450718e-05
cpython,keyword_calls,compile,27,2.28749995585531e-05
cpython,keyword_calls,compile,28,2.2916996385902166e-05
cpython,keyword_calls,compile,29,2.2666994482278824e-05
cpython,keyword_calls,warm_run,0,0.0008265409851446748
cpython,keyword_calls,warm_run,1,0.0008352499862667173
cpython,keyword_calls,warm_run,2,0.0008447089930996299
cpython,keyword_calls,warm_run,3,0.0008345000096596777
cpython,keyword_calls,warm_run,4,0.0008561659778933972
cpython,keyword_calls,warm_run,5,0.0008139160054270178
cpython,keyword_calls,warm_run,6,0.0008308750111609697
cpython,keyword_calls,warm_run,7,0.0008428749861195683
cpython,keyword_calls,warm_run,8,0.0008517499954905361
cpython,keyword_calls,warm_run,9,0.0008278750174213201
cpython,keyword_calls,warm_run,10,0.0008680410101078451
cpython,keyword_calls,warm_run,11,0.0008426670101471245
cpython,keyword_calls,warm_run,12,0.0008487080049235374
cpython,keyword_calls,warm_run,13,0.0008582499867770821
cpython,keyword_calls,warm_run,14,0.0008629999938420951
cpython,keyword_calls,warm_run,15,0.0008225410128943622
cpython,keyword_calls,warm_run,16,0.000854584010085091
cpython,keyword_calls,warm_run,17,0.000844084017444402
cpython,keyword_calls,warm_run,18,0.000843334011733532
cpython,keyword_calls,warm_run,19,0.000832499994430691
cpython,keyword_calls,warm_run,20,0.0008295410079881549
cpython,keyword_calls,warm_run,21,0.000802083988673985
cpython,keyword_calls,warm_run,22,0.0008314999868161976
cpython,keyword_calls,warm_run,23,0.0008442499965894967
cpython,keyword_calls,warm_run,24,0.0008773340086918324
cpython,keyword_calls,warm_run,25,0.000897291989531368
cpython,keyword_calls,warm_run,26,0.0007902090146671981
cpython,keyword_calls,warm_run,27,0.0008270829857792705
cpython,keyword_calls,warm_run,28,0.0007993330073077232
cpython,keyword_calls,warm_run,29,0.0008145000028889626
cpython,known_calls,compile,0,1.8749997252598405e-05
cpython,known_calls,compile,1,1.8875027308240533e-05
cpython,known_calls,compile,2,1.8874998204410076e-05
cpython,known_calls,compile,3,1.91659783013165e-05
cpython,known_calls,compile,4,1.879199407994747e-05
cpython,known_calls,compile,5,1.86669931281358e-05
cpython,known_calls,compile,6,1.8416991224512458e-05
cpython,known_calls,compile,7,1.8624996300786734e-05
cpython,known_calls,compile,8,1.8458988051861525e-05
cpython,known_calls,compile,9,1.854199217632413e-05
cpython,known_calls,compile,10,1.837499439716339e-05
cpython,known_calls,compile,11,1.8457998521625996e-05
cpython,known_calls,compile,12,1.8375023500993848e-05
cpython,known_calls,compile,13,1.8916005501523614e-05
cpython,known_calls,compile,14,1.879199407994747e-05
cpython,known_calls,compile,15,1.8999999156221747e-05
cpython,known_calls,compile,16,1.866600359790027e-05
cpython,known_calls,compile,17,1.7082988051697612e-05
cpython,known_calls,compile,18,1.6790989320725203e-05
cpython,known_calls,compile,19,1.6958016203716397e-05
cpython,known_calls,compile,20,1.6624981071799994e-05
cpython,known_calls,compile,21,1.6875012079253793e-05
cpython,known_calls,compile,22,1.6790989320725203e-05
cpython,known_calls,compile,23,1.6833015251904726e-05
cpython,known_calls,compile,24,1.662501017563045e-05
cpython,known_calls,compile,25,1.8000020645558834e-05
cpython,known_calls,compile,26,1.7082988051697612e-05
cpython,known_calls,compile,27,1.6875012079253793e-05
cpython,known_calls,compile,28,1.6999983927235007e-05
cpython,known_calls,compile,29,1.6792007954791188e-05
cpython,known_calls,warm_run,0,0.0006770000036340207
cpython,known_calls,warm_run,1,0.000668499997118488
cpython,known_calls,warm_run,2,0.000681958015775308
cpython,known_calls,warm_run,3,0.0006839169946033508
cpython,known_calls,warm_run,4,0.0006744999845977873
cpython,known_calls,warm_run,5,0.0006782500131521374
cpython,known_calls,warm_run,6,0.0006708749860990793
cpython,known_calls,warm_run,7,0.0006792090134695172
cpython,known_calls,warm_run,8,0.0006619160121772438
cpython,known_calls,warm_run,9,0.0006771250045858324
cpython,known_calls,warm_run,10,0.0006903339817654341
cpython,known_calls,warm_run,11,0.0006696670025121421
cpython,known_calls,warm_run,12,0.0006789169856347144
cpython,known_calls,warm_run,13,0.0006709580193273723
cpython,known_calls,warm_run,14,0.0006596250168513507
cpython,known_calls,warm_run,15,0.0006589999829884619
cpython,known_calls,warm_run,16,0.0006769169995095581
cpython,known_calls,warm_run,17,0.0006719169905409217
cpython,known_calls,warm_run,18,0.0006724169943481684
cpython,known_calls,warm_run,19,0.0006733750051353127
cpython,known_calls,warm_run,20,0.0006657080084551126
cpython,known_calls,warm_run,21,0.0006633339799009264
cpython,known_calls,warm_run,22,0.0006604170193895698
cpython,known_calls,warm_run,23,0.0006752920162398368
cpython,known_calls,warm_run,24,0.0006640409992542118
cpython,known_calls,warm_run,25,0.0006722079997416586
cpython,known_calls,warm_run,26,0.000680124998325482
cpython,known_calls,warm_run,27,0.0006815000087954104
cpython,known_calls,warm_run,28,0.0006791250198148191
cpython,known_calls,warm_run,29,0.0006659589998889714
cpython,list_iteration,compile,0,1.879199407994747e-05
cpython,list_iteration,compile,1,1.8791004549711943e-05
cpython,list_iteration,compile,2,1.8874998204410076e-05
cpython,list_iteration,compile,3,1.8916005501523614e-05
cpython,list_iteration,compile,4,1.9083003280684352e-05
cpython,list_iteration,compile,5,1.879199407994747e-05
cpython,list_iteration,compile,6,1.8708000425249338e-05
cpython,list_iteration,compile,7,1.8709019059315324e-05
cpython,list_iteration,compile,8,1.8667022231966257e-05
cpython,list_iteration,compile,9,1.8457998521625996e-05
cpython,list_iteration,compile,10,1.8791004549711943e-05
cpython,list_iteration,compile,11,1.883300137706101e-05
cpython,list_iteration,compile,12,1.9083003280684352e-05
cpython,list_iteration,compile,13,1.8499995348975062e-05
cpython,list_iteration,compile,14,1.8582999473437667e-05
cpython,list_iteration,compile,15,1.883300137706101e-05
cpython,list_iteration,compile,16,1.8916995031759143e-05
cpython,list_iteration,compile,17,1.8749997252598405e-05
cpython,list_iteration,compile,18,1.854199217632413e-05
cpython,list_iteration,compile,19,1.845901715569198e-05
cpython,list_iteration,compile,20,1.912500010803342e-05
cpython,list_iteration,compile,21,1.8790975445881486e-05
cpython,list_iteration,compile,22,1.8499995348975062e-05
cpython,list_iteration,compile,23,1.8624996300786734e-05
cpython,list_iteration,compile,24,1.8582999473437667e-05
cpython,list_iteration,compile,25,1.8749997252598405e-05
cpython,list_iteration,compile,26,1.866600359790027e-05
cpython,list_iteration,compile,27,1.837499439716339e-05
cpython,list_iteration,compile,28,1.8624996300786734e-05
cpython,list_iteration,compile,29,1.862502540461719e-05
cpython,list_iteration,warm_run,0,0.00021249998826533556
cpython,list_iteration,warm_run,1,0.0002128340129274875
cpython,list_iteration,warm_run,2,0.00021145798382349312
cpython,list_iteration,warm_run,3,0.00021366600412875414
cpython,list_iteration,warm_run,4,0.0002134160022251308
cpython,list_iteration,warm_run,5,0.0002132499939762056
cpython,list_iteration,warm_run,6,0.00021287502022460103
cpython,list_iteration,warm_run,7,0.0002132499939762056
cpython,list_iteration,warm_run,8,0.0002387919812463224
cpython,list_iteration,warm_run,9,0.00022820799495093524
cpython,list_iteration,warm_run,10,0.00021991701214574277
cpython,list_iteration,warm_run,11,0.00021916700643487275
cpython,list_iteration,warm_run,12,0.00020454201148822904
cpython,list_iteration,warm_run,13,0.0002190409868489951
cpython,list_iteration,warm_run,14,0.00020641699666157365
cpython,list_iteration,warm_run,15,0.00019975000759586692
cpython,list_iteration,warm_run,16,0.0002055829972960055
cpython,list_iteration,warm_run,17,0.00022004099446348846
cpython,list_iteration,warm_run,18,0.00021933301468379796
cpython,list_iteration,warm_run,19,0.00020366700482554734
cpython,list_iteration,warm_run,20,0.00021941601880826056
cpython,list_iteration,warm_run,21,0.00021050000214017928
cpython,list_iteration,warm_run,22,0.00021974998526275158
cpython,list_iteration,warm_run,23,0.00021412500063888729
cpython,list_iteration,warm_run,24,0.0002196249843109399
cpython,list_iteration,warm_run,25,0.00021691701840609312
cpython,list_iteration,warm_run,26,0.00021308299619704485
cpython,list_iteration,warm_run,27,0.00021662499057129025
cpython,list_iteration,warm_run,28,0.00021683398517780006
cpython,list_iteration,warm_run,29,0.00021637501777149737
cpython,super_calls,compile,0,3.7375022657215595e-05
cpython,super_calls,compile,1,3.91670037060976e-05
cpython,super_calls,compile,2,3.908298094756901e-05
cpython,super_calls,compile,3,3.950000973418355e-05
cpython,super_calls,compile,4,3.904200275428593e-05
cpython,super_calls,compile,5,3.883297904394567e-05
cpython,super_calls,compile,6,3.9457983803004026e-05
cpython,super_calls,compile,7,3.875000402331352e-05
cpython,super_calls,compile,8,3.8875004975125194e-05
cpython,super_calls,compile,9,3.8624973967671394e-05
cpython,super_calls,compile,10,3.674998879432678e-05
cpython,super_calls,compile,11,3.558301250450313e-05
cpython,super_calls,compile,12,3.520798054523766e-05
cpython,super_calls,compile,13,3.8624973967671394e-05
cpython,super_calls,compile,14,3.9125006878748536e-05
cpython,super_calls,compile,15,3.895899862982333e-05
cpython,super_calls,compile,16,3.895797999575734e-05
cpython,super_calls,compile,17,3.883297904394567e-05
cpython,super_calls,compile,18,3.875000402331352e-05
cpython,super_calls,compile,19,3.8708007195964456e-05
cpython,super_calls,compile,20,3.9166014175862074e-05
cpython,super_calls,compile,21,3.879200085066259e-05
cpython,super_calls,compile,22,3.883297904394567e-05
cpython,super_calls,compile,23,3.695799387060106e-05
cpython,super_calls,compile,24,3.512500552460551e-05
cpython,super_calls,compile,25,3.524997737258673e-05
cpython,super_calls,compile,26,3.541700425557792e-05
cpython,super_calls,compile,27,3.533301060087979e-05
cpython,super_calls,compile,28,3.500000457279384e-05
cpython,super_calls,compile,29,3.5415985621511936e-05
cpython,super_calls,warm_run,0,0.0010253330110572278
cpython,super_calls,warm_run,1,0.001143041008617729
cpython,super_calls,warm_run,2,0.0010266249882988632
cpython,super_calls,warm_run,3,0.0010347499919589609
cpython,super_calls,warm_run,4,0.0010267499892506748
cpython,super_calls,warm_run,5,0.0010202499979641289
cpython,super_calls,warm_run,6,0.0010132089955732226
cpython,super_calls,warm_run,7,0.0010204169957432896
cpython,super_calls,warm_run,8,0.0010335830156691372
cpython,super_calls,warm_run,9,0.0010254589724354446
cpython,super_calls,warm_run,10,0.001025750010740012
cpython,super_calls,warm_run,11,0.0010095839970745146
cpython,super_calls,warm_run,12,0.0010081249929498881
cpython,super_calls,warm_run,13,0.0010285419994033873
cpython,super_calls,warm_run,14,0.0010132499737665057
cpython,super_calls,warm_run,15,0.0010292090009897947
cpython,super_calls,warm_run,16,0.0010190409957431257
cpython,super_calls,warm_run,17,0.0010379999876022339
cpython,super_calls,warm_run,18,0.0010599590023048222
cpython,super_calls,warm_run,19,0.0010281249997206032
cpython,super_calls,warm_run,20,0.0010171250032726675
cpython,super_calls,warm_run,21,0.0010158749937545508
cpython,super_calls,warm_run,22,0.0010448330140206963
cpython,super_calls,warm_run,23,0.001008082996122539
cpython,super_calls,warm_run,24,0.0009979169990401715
cpython,super_calls,warm_run,25,0.0010231249907519668
cpython,super_calls,warm_run,26,0.0010260000126436353
cpython,super_calls,warm_run,27,0.0010189999884460121
cpython,super_calls,warm_run,28,0.0010089589923154563
cpython,super_calls,warm_run,29,0.001025000005029142
cpython,attribute_load,cold_cli,0,0.015329583984566852
tonic,attribute_load,cold_cli,0,0.00285258301300928
tonic,attribute_load,cold_cli,1,0.002625249995617196
cpython,attribute_load,cold_cli,1,0.014461749990005046
cpython,attribute_load,cold_cli,2,0.014387707982677966
tonic,attribute_load,cold_cli,2,0.0029491249879356474
tonic,attribute_load,cold_cli,3,0.0027399170212447643
cpython,attribute_load,cold_cli,3,0.01457583298906684
cpython,attribute_load,cold_cli,4,0.014888624980812892
tonic,attribute_load,cold_cli,4,0.0029892919992562383
tonic,attribute_load,cold_cli,5,0.0027385830180719495
cpython,attribute_load,cold_cli,5,0.014551542000845075
cpython,attribute_load,cold_cli,6,0.014472999988356605
tonic,attribute_load,cold_cli,6,0.002821792004397139
tonic,attribute_load,cold_cli,7,0.0026784159999806434
cpython,attribute_load,cold_cli,7,0.01404087501578033
cpython,attribute_load,cold_cli,8,0.01459716699901037
tonic,attribute_load,cold_cli,8,0.003049749997444451
tonic,attribute_load,cold_cli,9,0.0027897910040337592
cpython,attribute_load,cold_cli,9,0.014525292004691437
cpython,attribute_load,cold_cli,10,0.01516758298384957
tonic,attribute_load,cold_cli,10,0.0029750000103376806
tonic,attribute_load,cold_cli,11,0.002721666998695582
cpython,attribute_load,cold_cli,11,0.01458195797749795
cpython,attribute_load,cold_cli,12,0.014451832976192236
tonic,attribute_load,cold_cli,12,0.002930292015662417
tonic,attribute_load,cold_cli,13,0.002756041008979082
cpython,attribute_load,cold_cli,13,0.014810458989813924
cpython,attribute_load,cold_cli,14,0.01465900000766851
tonic,attribute_load,cold_cli,14,0.0029496659990400076
cpython,bound_method_calls,cold_cli,0,0.015310041984776035
tonic,bound_method_calls,cold_cli,0,0.0039450000040233135
tonic,bound_method_calls,cold_cli,1,0.003584167017834261
cpython,bound_method_calls,cold_cli,1,0.015070583001943305
cpython,bound_method_calls,cold_cli,2,0.015004083019448444
tonic,bound_method_calls,cold_cli,2,0.0038433749869000167
tonic,bound_method_calls,cold_cli,3,0.0035857920011039823
cpython,bound_method_calls,cold_cli,3,0.01493204099824652
cpython,bound_method_calls,cold_cli,4,0.014333708008052781
tonic,bound_method_calls,cold_cli,4,0.0036945829924661666
tonic,bound_method_calls,cold_cli,5,0.00361429201439023
cpython,bound_method_calls,cold_cli,5,0.014607457997044548
cpython,bound_method_calls,cold_cli,6,0.014712083007907495
tonic,bound_method_calls,cold_cli,6,0.00371091699344106
tonic,bound_method_calls,cold_cli,7,0.00362925001536496
cpython,bound_method_calls,cold_cli,7,0.014686209004139528
cpython,bound_method_calls,cold_cli,8,0.01499941700603813
tonic,bound_method_calls,cold_cli,8,0.003843291982775554
tonic,bound_method_calls,cold_cli,9,0.003620917006628588
cpython,bound_method_calls,cold_cli,9,0.014830083004198968
cpython,bound_method_calls,cold_cli,10,0.014647875010268763
tonic,bound_method_calls,cold_cli,10,0.0038364999927580357
tonic,bound_method_calls,cold_cli,11,0.0035652919905260205
cpython,bound_method_calls,cold_cli,11,0.01472929201554507
cpython,bound_method_calls,cold_cli,12,0.014605874981498346
tonic,bound_method_calls,cold_cli,12,0.0036682920181192458
tonic,bound_method_calls,cold_cli,13,0.003517416975228116
cpython,bound_method_calls,cold_cli,13,0.014992207987233996
cpython,bound_method_calls,cold_cli,14,0.015346208005212247
tonic,bound_method_calls,cold_cli,14,0.004048957984196022
cpython,closure_calls,cold_cli,0,0.014626625023083761
tonic,closure_calls,cold_cli,0,0.003085584001382813
tonic,closure_calls,cold_cli,1,0.002907082991441712
cpython,closure_calls,cold_cli,1,0.0144115419825539
cpython,closure_calls,cold_cli,2,0.014882999996189028
tonic,closure_calls,cold_cli,2,0.0032201670110225677
tonic,closure_calls,cold_cli,3,0.0029241250013001263
cpython,closure_calls,cold_cli,3,0.01494441699469462
cpython,closure_calls,cold_cli,4,0.014309374993899837
tonic,closure_calls,cold_cli,4,0.0031239999807439744
tonic,closure_calls,cold_cli,5,0.002958666009362787
cpython,closure_calls,cold_cli,5,0.014741958992090076
cpython,closure_calls,cold_cli,6,0.014870540995616466
tonic,closure_calls,cold_cli,6,0.003180583007633686
tonic,closure_calls,cold_cli,7,0.003058875008719042
cpython,closure_calls,cold_cli,7,0.014886374992784113
cpython,closure_calls,cold_cli,8,0.014545708982041106
tonic,closure_calls,cold_cli,8,0.0031496669980697334
tonic,closure_calls,cold_cli,9,0.0029357919993344694
cpython,closure_calls,cold_cli,9,0.014725249988259748
cpython,closure_calls,cold_cli,10,0.014681583998026326
tonic,closure_calls,cold_cli,10,0.0031094170117285103
tonic,closure_calls,cold_cli,11,0.0029499169904738665
cpython,closure_calls,cold_cli,11,0.014828625018708408
cpython,closure_calls,cold_cli,12,0.01481074999901466
tonic,closure_calls,cold_cli,12,0.0033200829930137843
tonic,closure_calls,cold_cli,13,0.0029961669933982193
cpython,closure_calls,cold_cli,13,0.015043541003251448
cpython,closure_calls,cold_cli,14,0.01479337498312816
tonic,closure_calls,cold_cli,14,0.0030774580081924796
cpython,descriptor_load,cold_cli,0,0.01520516598247923
tonic,descriptor_load,cold_cli,0,0.004070291994139552
tonic,descriptor_load,cold_cli,1,0.003890792024321854
cpython,descriptor_load,cold_cli,1,0.014886958000715822
cpython,descriptor_load,cold_cli,2,0.015060125006129965
tonic,descriptor_load,cold_cli,2,0.004101250000530854
tonic,descriptor_load,cold_cli,3,0.00391054101055488
cpython,descriptor_load,cold_cli,3,0.014830333006102592
cpython,descriptor_load,cold_cli,4,0.01453658301034011
tonic,descriptor_load,cold_cli,4,0.004183707991614938
tonic,descriptor_load,cold_cli,5,0.0038716670242138207
cpython,descriptor_load,cold_cli,5,0.015051207999931648
cpython,descriptor_load,cold_cli,6,0.014875291002681479
tonic,descriptor_load,cold_cli,6,0.003983542002970353
tonic,descriptor_load,cold_cli,7,0.003902291995473206
cpython,descriptor_load,cold_cli,7,0.01479245800874196
cpython,descriptor_load,cold_cli,8,0.015511125006014481
tonic,descriptor_load,cold_cli,8,0.0040832500089891255
tonic,descriptor_load,cold_cli,9,0.004093166993698105
cpython,descriptor_load,cold_cli,9,0.014949042000807822
cpython,descriptor_load,cold_cli,10,0.014728625013958663
tonic,descriptor_load,cold_cli,10,0.004077499994309619
tonic,descriptor_load,cold_cli,11,0.003822250000666827
cpython,descriptor_load,cold_cli,11,0.014703166991239414
cpython,descriptor_load,cold_cli,12,0.01522574998671189
tonic,descriptor_load,cold_cli,12,0.004203874996164814
tonic,descriptor_load,cold_cli,13,0.003895874979207292
cpython,descriptor_load,cold_cli,13,0.01492833299562335
cpython,descriptor_load,cold_cli,14,0.014987916016252711
tonic,descriptor_load,cold_cli,14,0.004080749989952892
cpython,dict_insert,cold_cli,0,0.015657458017813042
tonic,dict_insert,cold_cli,0,0.0036628330126404762
tonic,dict_insert,cold_cli,1,0.003134166996460408
cpython,dict_insert,cold_cli,1,0.015197083004750311
cpython,dict_insert,cold_cli,2,0.015034540992928669
tonic,dict_insert,cold_cli,2,0.003229374997317791
tonic,dict_insert,cold_cli,3,0.0029553750064224005
cpython,dict_insert,cold_cli,3,0.014781875011976808
cpython,dict_insert,cold_cli,4,0.01451862501562573
tonic,dict_insert,cold_cli,4,0.0032737079891376197
tonic,dict_insert,cold_cli,5,0.0030833340133540332
cpython,dict_insert,cold_cli,5,0.014896832988597453
cpython,dict_insert,cold_cli,6,0.014737082994543016
tonic,dict_insert,cold_cli,6,0.0033401249966118485
tonic,dict_insert,cold_cli,7,0.0030020829872228205
cpython,dict_insert,cold_cli,7,0.015238958003465086
cpython,dict_insert,cold_cli,8,0.015038208017358556
tonic,dict_insert,cold_cli,8,0.0033052919898182154
tonic,dict_insert,cold_cli,9,0.0030458330002147704
cpython,dict_insert,cold_cli,9,0.014928750024409965
cpython,dict_insert,cold_cli,10,0.01477449998492375
tonic,dict_insert,cold_cli,10,0.0032896250195335597
tonic,dict_insert,cold_cli,11,0.0030681250209454447
cpython,dict_insert,cold_cli,11,0.015034249983727932
cpython,dict_insert,cold_cli,12,0.014970040996558964
tonic,dict_insert,cold_cli,12,0.003236959018977359
tonic,dict_insert,cold_cli,13,0.0031058749882504344
cpython,dict_insert,cold_cli,13,0.014902791008353233
cpython,dict_insert,cold_cli,14,0.014664917020127177
tonic,dict_insert,cold_cli,14,0.003237375000026077
cpython,dict_lookup,cold_cli,0,0.014651791017968208
tonic,dict_lookup,cold_cli,0,0.0031977920152712613
tonic,dict_lookup,cold_cli,1,0.0028742080030497164
cpython,dict_lookup,cold_cli,1,0.014788333006436005
cpython,dict_lookup,cold_cli,2,0.014548374980222434
tonic,dict_lookup,cold_cli,2,0.0030871250201016665
tonic,dict_lookup,cold_cli,3,0.0028814999968744814
cpython,dict_lookup,cold_cli,3,0.014607916004024446
cpython,dict_lookup,cold_cli,4,0.014850250008748844
tonic,dict_lookup,cold_cli,4,0.0031355829851236194
tonic,dict_lookup,cold_cli,5,0.003017959010321647
cpython,dict_lookup,cold_cli,5,0.014893374987877905
cpython,dict_lookup,cold_cli,6,0.01456420897739008
tonic,dict_lookup,cold_cli,6,0.003044708020752296
tonic,dict_lookup,cold_cli,7,0.0028285000007599592
cpython,dict_lookup,cold_cli,7,0.014357540989294648
cpython,dict_lookup,cold_cli,8,0.014391208009328693
tonic,dict_lookup,cold_cli,8,0.0030521670123562217
tonic,dict_lookup,cold_cli,9,0.0029329170065466315
cpython,dict_lookup,cold_cli,9,0.014852583990432322
cpython,dict_lookup,cold_cli,10,0.014434292010264471
tonic,dict_lookup,cold_cli,10,0.0029961249965708703
tonic,dict_lookup,cold_cli,11,0.0028697079978883266
cpython,dict_lookup,cold_cli,11,0.014608583995141089
cpython,dict_lookup,cold_cli,12,0.014414625009521842
tonic,dict_lookup,cold_cli,12,0.0030975410190876573
tonic,dict_lookup,cold_cli,13,0.0029200419958215207
cpython,dict_lookup,cold_cli,13,0.014596791006624699
cpython,dict_lookup,cold_cli,14,0.014385500020580366
tonic,dict_lookup,cold_cli,14,0.0030241250060498714
cpython,fib_calls,cold_cli,0,0.014549333020113409
tonic,fib_calls,cold_cli,0,0.004476500005694106
tonic,fib_calls,cold_cli,1,0.004269833007128909
cpython,fib_calls,cold_cli,1,0.014992792013799772
cpython,fib_calls,cold_cli,2,0.015097416995558888
tonic,fib_calls,cold_cli,2,0.0045791670272592455
tonic,fib_calls,cold_cli,3,0.004325415997300297
cpython,fib_calls,cold_cli,3,0.014484292012639344
cpython,fib_calls,cold_cli,4,0.014995915989857167
tonic,fib_calls,cold_cli,4,0.004535916988970712
tonic,fib_calls,cold_cli,5,0.004354832984972745
cpython,fib_calls,cold_cli,5,0.01455191700370051
cpython,fib_calls,cold_cli,6,0.014595709013519809
tonic,fib_calls,cold_cli,6,0.004447542014531791
tonic,fib_calls,cold_cli,7,0.0042413749906700104
cpython,fib_calls,cold_cli,7,0.014796832983847708
cpython,fib_calls,cold_cli,8,0.014656125014880672
tonic,fib_calls,cold_cli,8,0.004481709009269252
tonic,fib_calls,cold_cli,9,0.004239832982420921
cpython,fib_calls,cold_cli,9,0.014748791989404708
cpython,fib_calls,cold_cli,10,0.01468383299652487
tonic,fib_calls,cold_cli,10,0.004536583001026884
tonic,fib_calls,cold_cli,11,0.00434179199510254
cpython,fib_calls,cold_cli,11,0.014770957990549505
cpython,fib_calls,cold_cli,12,0.014423040993278846
tonic,fib_calls,cold_cli,12,0.004432374989846721
tonic,fib_calls,cold_cli,13,0.004371667018858716
cpython,fib_calls,cold_cli,13,0.014382708992343396
cpython,fib_calls,cold_cli,14,0.014861375006148592
tonic,fib_calls,cold_cli,14,0.004513833991950378
cpython,float_loop,cold_cli,0,0.014623583003412932
tonic,float_loop,cold_cli,0,0.0029812499997206032
tonic,float_loop,cold_cli,1,0.0026001250080298632
cpython,float_loop,cold_cli,1,0.015045667008962482
cpython,float_loop,cold_cli,2,0.015284790977602825
tonic,float_loop,cold_cli,2,0.002926332992501557
tonic,float_loop,cold_cli,3,0.002689834014745429
cpython,float_loop,cold_cli,3,0.014606124983401969
cpython,float_loop,cold_cli,4,0.014517584000714123
tonic,float_loop,cold_cli,4,0.0028431660030037165
tonic,float_loop,cold_cli,5,0.0025237920053768903
cpython,float_loop,cold_cli,5,0.014771083981031552
cpython,float_loop,cold_cli,6,0.014472458977252245
tonic,float_loop,cold_cli,6,0.0027782919933088124
tonic,float_loop,cold_cli,7,0.002534750004997477
cpython,float_loop,cold_cli,7,0.01468966601532884
cpython,float_loop,cold_cli,8,0.014663041016319767
tonic,float_loop,cold_cli,8,0.0028481670015025884
tonic,float_loop,cold_cli,9,0.0026873329770751297
cpython,float_loop,cold_cli,9,0.014922750007826835
cpython,float_loop,cold_cli,10,0.01485525001771748
tonic,float_loop,cold_cli,10,0.0028368339990265667
tonic,float_loop,cold_cli,11,0.0025870839890558273
cpython,float_loop,cold_cli,11,0.014912374987034127
cpython,float_loop,cold_cli,12,0.015796291001606733
tonic,float_loop,cold_cli,12,0.002926875022239983
tonic,float_loop,cold_cli,13,0.002769000013358891
cpython,float_loop,cold_cli,13,0.015307749999919906
cpython,float_loop,cold_cli,14,0.015675167000154033
tonic,float_loop,cold_cli,14,0.0031130420102272183
cpython,integer_loop,cold_cli,0,0.019815082981949672
tonic,integer_loop,cold_cli,0,0.007480083993868902
tonic,integer_loop,cold_cli,1,0.007075415982399136
cpython,integer_loop,cold_cli,1,0.019772416999330744
cpython,integer_loop,cold_cli,2,0.01971295799012296
tonic,integer_loop,cold_cli,2,0.007411541999317706
tonic,integer_loop,cold_cli,3,0.007041333010420203
cpython,integer_loop,cold_cli,3,0.01974991598399356
cpython,integer_loop,cold_cli,4,0.019477958005154505
tonic,integer_loop,cold_cli,4,0.007456833001924679
tonic,integer_loop,cold_cli,5,0.007140499976230785
cpython,integer_loop,cold_cli,5,0.019357832992682233
cpython,integer_loop,cold_cli,6,0.019881792017258704
tonic,integer_loop,cold_cli,6,0.007517124991863966
tonic,integer_loop,cold_cli,7,0.007080750016029924
cpython,integer_loop,cold_cli,7,0.019632874988019466
cpython,integer_loop,cold_cli,8,0.01954262499930337
tonic,integer_loop,cold_cli,8,0.007391749997623265
tonic,integer_loop,cold_cli,9,0.007175542006734759
cpython,integer_loop,cold_cli,9,0.019721667020348832
cpython,integer_loop,cold_cli,10,0.01995516600436531
tonic,integer_loop,cold_cli,10,0.007394374988507479
tonic,integer_loop,cold_cli,11,0.007138707995181903
cpython,integer_loop,cold_cli,11,0.02004224999109283
cpython,integer_loop,cold_cli,12,0.01951766698039137
tonic,integer_loop,cold_cli,12,0.007418416993459687
tonic,integer_loop,cold_cli,13,0.007037749979645014
cpython,integer_loop,cold_cli,13,0.019664916006149724
cpython,integer_loop,cold_cli,14,0.020027249993290752
tonic,integer_loop,cold_cli,14,0.007418958994094282
cpython,keyword_calls,cold_cli,0,0.01576891599688679
tonic,keyword_calls,cold_cli,0,0.003588708001188934
tonic,keyword_calls,cold_cli,1,0.003399792010895908
cpython,keyword_calls,cold_cli,1,0.015459499991266057
cpython,keyword_calls,cold_cli,2,0.014906583004631102
tonic,keyword_calls,cold_cli,2,0.003657875000499189
tonic,keyword_calls,cold_cli,3,0.0032030000002123415
cpython,keyword_calls,cold_cli,3,0.015071166009875014
cpython,keyword_calls,cold_cli,4,0.01485304199741222
tonic,keyword_calls,cold_cli,4,0.003532999980961904
tonic,keyword_calls,cold_cli,5,0.0031983330263756216
cpython,keyword_calls,cold_cli,5,0.014957417006371543
cpython,keyword_calls,cold_cli,6,0.014846041012788191
tonic,keyword_calls,cold_cli,6,0.0035160410043317825
tonic,keyword_calls,cold_cli,7,0.003238458011765033
cpython,keyword_calls,cold_cli,7,0.01525354100158438
cpython,keyword_calls,cold_cli,8,0.015505917021073401
tonic,keyword_calls,cold_cli,8,0.003584334015613422
tonic,keyword_calls,cold_cli,9,0.0032986659789457917
cpython,keyword_calls,cold_cli,9,0.014893833984388039
cpython,keyword_calls,cold_cli,10,0.01512083297711797
tonic,keyword_calls,cold_cli,10,0.0034343750157859176
tonic,keyword_calls,cold_cli,11,0.003292457986390218
cpython,keyword_calls,cold_cli,11,0.015214374987408519
cpython,keyword_calls,cold_cli,12,0.015688082989072427
tonic,keyword_calls,cold_cli,12,0.0036894999793730676
tonic,keyword_calls,cold_cli,13,0.0033847079903353006
cpython,keyword_calls,cold_cli,13,0.015090833010617644
cpython,keyword_calls,cold_cli,14,0.015322040999308228
tonic,keyword_calls,cold_cli,14,0.0036319999780971557
cpython,known_calls,cold_cli,0,0.015119582996703684
tonic,known_calls,cold_cli,0,0.003201458981493488
tonic,known_calls,cold_cli,1,0.0029884999967180192
cpython,known_calls,cold_cli,1,0.014827542006969452
cpython,known_calls,cold_cli,2,0.014980791980633512
tonic,known_calls,cold_cli,2,0.003308750019641593
tonic,known_calls,cold_cli,3,0.0030261670181062073
cpython,known_calls,cold_cli,3,0.01483583397930488
cpython,known_calls,cold_cli,4,0.01574783297837712
tonic,known_calls,cold_cli,4,0.0035395000013522804
tonic,known_calls,cold_cli,5,0.003143332985928282
cpython,known_calls,cold_cli,5,0.01520404199254699
cpython,known_calls,cold_cli,6,0.014912040991475806
tonic,known_calls,cold_cli,6,0.0032734170090407133
tonic,known_calls,cold_cli,7,0.0030389580060727894
cpython,known_calls,cold_cli,7,0.014745374995982274
cpython,known_calls,cold_cli,8,0.01475991602637805
tonic,known_calls,cold_cli,8,0.003226915985578671
tonic,known_calls,cold_cli,9,0.00300137500744313
cpython,known_calls,cold_cli,9,0.014640750014223158
cpython,known_calls,cold_cli,10,0.014720750012202188
tonic,known_calls,cold_cli,10,0.003181167005095631
tonic,known_calls,cold_cli,11,0.0030080409778747708
cpython,known_calls,cold_cli,11,0.014835957990726456
cpython,known_calls,cold_cli,12,0.014672040997538716
tonic,known_calls,cold_cli,12,0.0032465840049553663
tonic,known_calls,cold_cli,13,0.0029732910043094307
cpython,known_calls,cold_cli,13,0.014813874993706122
cpython,known_calls,cold_cli,14,0.014590707985917106
tonic,known_calls,cold_cli,14,0.0032364579965360463
cpython,list_iteration,cold_cli,0,0.01439320799545385
tonic,list_iteration,cold_cli,0,0.0025660419778432697
tonic,list_iteration,cold_cli,1,0.0022857090225443244
cpython,list_iteration,cold_cli,1,0.014630166988354176
cpython,list_iteration,cold_cli,2,0.014450082991970703
tonic,list_iteration,cold_cli,2,0.002336083009140566
tonic,list_iteration,cold_cli,3,0.00209404100314714
cpython,list_iteration,cold_cli,3,0.014186332991812378
cpython,list_iteration,cold_cli,4,0.014459958008956164
tonic,list_iteration,cold_cli,4,0.002438416995573789
tonic,list_iteration,cold_cli,5,0.002183959004469216
cpython,list_iteration,cold_cli,5,0.014307457982795313
cpython,list_iteration,cold_cli,6,0.014463583996985108
tonic,list_iteration,cold_cli,6,0.002601499989395961
tonic,list_iteration,cold_cli,7,0.002160749980248511
cpython,list_iteration,cold_cli,7,0.014621458016335964
cpython,list_iteration,cold_cli,8,0.014229832973796874
tonic,list_iteration,cold_cli,8,0.002398042008280754
tonic,list_iteration,cold_cli,9,0.0021010839845985174
cpython,list_iteration,cold_cli,9,0.014394458994502202
cpython,list_iteration,cold_cli,10,0.01413433300331235
tonic,list_iteration,cold_cli,10,0.002412791014648974
tonic,list_iteration,cold_cli,11,0.002173790999222547
cpython,list_iteration,cold_cli,11,0.014370208024047315
cpython,list_iteration,cold_cli,12,0.014541167009156197
tonic,list_iteration,cold_cli,12,0.002417208015685901
tonic,list_iteration,cold_cli,13,0.002219749992946163
cpython,list_iteration,cold_cli,13,0.014939667016733438
cpython,list_iteration,cold_cli,14,0.01458629098488018
tonic,list_iteration,cold_cli,14,0.0024378750240430236
cpython,super_calls,cold_cli,0,0.015122333017643541
tonic,super_calls,cold_cli,0,0.005371457984438166
tonic,super_calls,cold_cli,1,0.005137083993759006
cpython,super_calls,cold_cli,1,0.015338416997110471
cpython,super_calls,cold_cli,2,0.015481167007237673
tonic,super_calls,cold_cli,2,0.0053829999815206975
tonic,super_calls,cold_cli,3,0.0050797500007320195
cpython,super_calls,cold_cli,3,0.015133666980545968
cpython,super_calls,cold_cli,4,0.014955165999708697
tonic,super_calls,cold_cli,4,0.005490624986123294
tonic,super_calls,cold_cli,5,0.005138208012795076
cpython,super_calls,cold_cli,5,0.015512708021560684
cpython,super_calls,cold_cli,6,0.015417791990330443
tonic,super_calls,cold_cli,6,0.005530500027816743
tonic,super_calls,cold_cli,7,0.0050604999996721745
cpython,super_calls,cold_cli,7,0.015273875003913417
cpython,super_calls,cold_cli,8,0.015360582998255268
tonic,super_calls,cold_cli,8,0.005338333983672783
tonic,super_calls,cold_cli,9,0.005091750004794449
cpython,super_calls,cold_cli,9,0.01525133301038295
cpython,super_calls,cold_cli,10,0.015532042016275227
tonic,super_calls,cold_cli,10,0.005333875014912337
tonic,super_calls,cold_cli,11,0.005156708008144051
cpython,super_calls,cold_cli,11,0.015360624995082617
cpython,super_calls,cold_cli,12,0.016224582999711856
tonic,super_calls,cold_cli,12,0.005542875005630776
tonic,super_calls,cold_cli,13,0.005299958982504904
cpython,super_calls,cold_cli,13,0.015705040976172313
cpython,super_calls,cold_cli,14,0.01568625000072643
tonic,super_calls,cold_cli,14,0.005254291987512261
