case,phase,gc,sample,seconds,gc_pause_ns,gc_max_pause_ns
integer_loop,parse_compile_verify,na,0,0.000017750,0,0
integer_loop,parse_compile_verify,na,1,0.000017250,0,0
integer_loop,parse_compile_verify,na,2,0.000019375,0,0
integer_loop,parse_compile_verify,na,3,0.000016083,0,0
integer_loop,parse_compile_verify,na,4,0.000016875,0,0
integer_loop,parse_compile_verify,na,5,0.000016417,0,0
integer_loop,parse_compile_verify,na,6,0.000014000,0,0
integer_loop,parse_compile_verify,na,7,0.000013792,0,0
integer_loop,parse_compile_verify,na,8,0.000013792,0,0
integer_loop,parse_compile_verify,na,9,0.000011750,0,0
integer_loop,parse_compile_verify,na,10,0.000013417,0,0
integer_loop,parse_compile_verify,na,11,0.000012792,0,0
integer_loop,parse_compile_verify,na,12,0.000011750,0,0
integer_loop,parse_compile_verify,na,13,0.000011167,0,0
integer_loop,parse_compile_verify,na,14,0.000011250,0,0
integer_loop,run,default,0,0.005106417,0,0
integer_loop,run,default,1,0.005147750,0,0
integer_loop,run,default,2,0.005229500,0,0
integer_loop,run,default,3,0.005117084,0,0
integer_loop,run,default,4,0.005084583,0,0
integer_loop,run,default,5,0.005140709,0,0
integer_loop,run,default,6,0.005080833,0,0
integer_loop,run,default,7,0.005113666,0,0
integer_loop,run,default,8,0.005082500,0,0
integer_loop,run,default,9,0.005130833,0,0
integer_loop,run,default,10,0.005317791,0,0
integer_loop,run,default,11,0.005302750,0,0
integer_loop,run,default,12,0.005532959,0,0
integer_loop,run,default,13,0.005177375,0,0
integer_loop,run,default,14,0.005590667,0,0
integer_loop,run,disabled,0,0.005196333,0,0
integer_loop,run,disabled,1,0.005341917,0,0
integer_loop,run,disabled,2,0.005217917,0,0
integer_loop,run,disabled,3,0.005273417,0,0
integer_loop,run,disabled,4,0.005289625,0,0
integer_loop,run,disabled,5,0.005223000,0,0
integer_loop,run,disabled,6,0.005249708,0,0
integer_loop,run,disabled,7,0.005272459,0,0
integer_loop,run,disabled,8,0.005223250,0,0
integer_loop,run,disabled,9,0.005272500,0,0
integer_loop,run,disabled,10,0.005191875,0,0
integer_loop,run,disabled,11,0.005333333,0,0
integer_loop,run,disabled,12,0.005253417,0,0
integer_loop,run,disabled,13,0.005231208,0,0
integer_loop,run,disabled,14,0.005314917,0,0
fib_40_x1000,parse_compile_verify,na,0,0.000033708,0,0
fib_40_x1000,parse_compile_verify,na,1,0.000036208,0,0
fib_40_x1000,parse_compile_verify,na,2,0.000032542,0,0
fib_40_x1000,parse_compile_verify,na,3,0.000028917,0,0
fib_40_x1000,parse_compile_verify,na,4,0.000031667,0,0
fib_40_x1000,parse_compile_verify,na,5,0.000030333,0,0
fib_40_x1000,parse_compile_verify,na,6,0.000029667,0,0
fib_40_x1000,parse_compile_verify,na,7,0.000029916,0,0
fib_40_x1000,parse_compile_verify,na,8,0.000028042,0,0
fib_40_x1000,parse_compile_verify,na,9,0.000027709,0,0
fib_40_x1000,parse_compile_verify,na,10,0.000027917,0,0
fib_40_x1000,parse_compile_verify,na,11,0.000027625,0,0
fib_40_x1000,parse_compile_verify,na,12,0.000027416,0,0
fib_40_x1000,parse_compile_verify,na,13,0.000027625,0,0
fib_40_x1000,parse_compile_verify,na,14,0.000027667,0,0
fib_40_x1000,run,default,0,0.002543959,0,0
fib_40_x1000,run,default,1,0.002535375,0,0
fib_40_x1000,run,default,2,0.002675791,0,0
fib_40_x1000,run,default,3,0.002548667,0,0
fib_40_x1000,run,default,4,0.002544458,0,0
fib_40_x1000,run,default,5,0.002585708,0,0
fib_40_x1000,run,default,6,0.002577500,0,0
fib_40_x1000,run,default,7,0.002549833,0,0
fib_40_x1000,run,default,8,0.002607375,0,0
fib_40_x1000,run,default,9,0.002543166,0,0
fib_40_x1000,run,default,10,0.002556208,0,0
fib_40_x1000,run,default,11,0.002561917,0,0
fib_40_x1000,run,default,12,0.002720583,0,0
fib_40_x1000,run,default,13,0.002793667,0,0
fib_40_x1000,run,default,14,0.002841375,0,0
fib_40_x1000,run,disabled,0,0.002685708,0,0
fib_40_x1000,run,disabled,1,0.002740458,0,0
fib_40_x1000,run,disabled,2,0.002679208,0,0
fib_40_x1000,run,disabled,3,0.002685667,0,0
fib_40_x1000,run,disabled,4,0.002978375,0,0
fib_40_x1000,run,disabled,5,0.002694917,0,0
fib_40_x1000,run,disabled,6,0.002699084,0,0
fib_40_x1000,run,disabled,7,0.002696708,0,0
fib_40_x1000,run,disabled,8,0.002694250,0,0
fib_40_x1000,run,disabled,9,0.002695000,0,0
fib_40_x1000,run,disabled,10,0.002787958,0,0
fib_40_x1000,run,disabled,11,0.002682833,0,0
fib_40_x1000,run,disabled,12,0.002688291,0,0
fib_40_x1000,run,disabled,13,0.002747375,0,0
fib_40_x1000,run,disabled,14,0.002698542,0,0
known_calls_10000,parse_compile_verify,na,0,0.000019750,0,0
known_calls_10000,parse_compile_verify,na,1,0.000020625,0,0
known_calls_10000,parse_compile_verify,na,2,0.000018917,0,0
known_calls_10000,parse_compile_verify,na,3,0.000018209,0,0
known_calls_10000,parse_compile_verify,na,4,0.000018209,0,0
known_calls_10000,parse_compile_verify,na,5,0.000018167,0,0
known_calls_10000,parse_compile_verify,na,6,0.000018000,0,0
known_calls_10000,parse_compile_verify,na,7,0.000019791,0,0
known_calls_10000,parse_compile_verify,na,8,0.000018083,0,0
known_calls_10000,parse_compile_verify,na,9,0.000017917,0,0
known_calls_10000,parse_compile_verify,na,10,0.000018000,0,0
known_calls_10000,parse_compile_verify,na,11,0.000018291,0,0
known_calls_10000,parse_compile_verify,na,12,0.000017666,0,0
known_calls_10000,parse_compile_verify,na,13,0.000018041,0,0
known_calls_10000,parse_compile_verify,na,14,0.000018042,0,0
known_calls_10000,run,default,0,0.001110833,0,0
known_calls_10000,run,default,1,0.001146625,0,0
known_calls_10000,run,default,2,0.001063000,0,0
known_calls_10000,run,default,3,0.001060833,0,0
known_calls_10000,run,default,4,0.001066250,0,0
known_calls_10000,run,default,5,0.001063167,0,0
known_calls_10000,run,default,6,0.001066916,0,0
known_calls_10000,run,default,7,0.001070125,0,0
known_calls_10000,run,default,8,0.001061000,0,0
known_calls_10000,run,default,9,0.001064083,0,0
known_calls_10000,run,default,10,0.001064125,0,0
known_calls_10000,run,default,11,0.001060000,0,0
known_calls_10000,run,default,12,0.001060292,0,0
known_calls_10000,run,default,13,0.001059083,0,0
known_calls_10000,run,default,14,0.001060292,0,0
known_calls_10000,run,disabled,0,0.001090625,0,0
known_calls_10000,run,disabled,1,0.001018667,0,0
known_calls_10000,run,disabled,2,0.001020542,0,0
known_calls_10000,run,disabled,3,0.001017292,0,0
known_calls_10000,run,disabled,4,0.001014625,0,0
known_calls_10000,run,disabled,5,0.001018500,0,0
known_calls_10000,run,disabled,6,0.001028583,0,0
known_calls_10000,run,disabled,7,0.001018958,0,0
known_calls_10000,run,disabled,8,0.001036500,0,0
known_calls_10000,run,disabled,9,0.001043875,0,0
known_calls_10000,run,disabled,10,0.001019541,0,0
known_calls_10000,run,disabled,11,0.001022209,0,0
known_calls_10000,run,disabled,12,0.001019291,0,0
known_calls_10000,run,disabled,13,0.001019125,0,0
known_calls_10000,run,disabled,14,0.001024416,0,0
native_calls_10000,parse_compile_verify,na,0,0.000015083,0,0
native_calls_10000,parse_compile_verify,na,1,0.000014333,0,0
native_calls_10000,parse_compile_verify,na,2,0.000013916,0,0
native_calls_10000,parse_compile_verify,na,3,0.000013958,0,0
native_calls_10000,parse_compile_verify,na,4,0.000013917,0,0
native_calls_10000,parse_compile_verify,na,5,0.000013916,0,0
native_calls_10000,parse_compile_verify,na,6,0.000014042,0,0
native_calls_10000,parse_compile_verify,na,7,0.000014000,0,0
native_calls_10000,parse_compile_verify,na,8,0.000013792,0,0
native_calls_10000,parse_compile_verify,na,9,0.000013917,0,0
native_calls_10000,parse_compile_verify,na,10,0.000014125,0,0
native_calls_10000,parse_compile_verify,na,11,0.000013834,0,0
native_calls_10000,parse_compile_verify,na,12,0.000013667,0,0
native_calls_10000,parse_compile_verify,na,13,0.000013667,0,0
native_calls_10000,parse_compile_verify,na,14,0.000014000,0,0
native_calls_10000,run,default,0,0.001743625,0,0
native_calls_10000,run,default,1,0.001757625,0,0
native_calls_10000,run,default,2,0.001763334,0,0
native_calls_10000,run,default,3,0.001762166,0,0
native_calls_10000,run,default,4,0.001724083,0,0
native_calls_10000,run,default,5,0.001729625,0,0
native_calls_10000,run,default,6,0.001726125,0,0
native_calls_10000,run,default,7,0.001769000,0,0
native_calls_10000,run,default,8,0.001787792,0,0
native_calls_10000,run,default,9,0.001747958,0,0
native_calls_10000,run,default,10,0.001751083,0,0
native_calls_10000,run,default,11,0.001759542,0,0
native_calls_10000,run,default,12,0.001770125,0,0
native_calls_10000,run,default,13,0.001753708,0,0
native_calls_10000,run,default,14,0.001740167,0,0
native_calls_10000,run,disabled,0,0.001859542,0,0
native_calls_10000,run,disabled,1,0.001709000,0,0
native_calls_10000,run,disabled,2,0.001704666,0,0
native_calls_10000,run,disabled,3,0.001708125,0,0
native_calls_10000,run,disabled,4,0.001710584,0,0
native_calls_10000,run,disabled,5,0.001712916,0,0
native_calls_10000,run,disabled,6,0.001714125,0,0
native_calls_10000,run,disabled,7,0.001708167,0,0
native_calls_10000,run,disabled,8,0.001705250,0,0
native_calls_10000,run,disabled,9,0.001734084,0,0
native_calls_10000,run,disabled,10,0.001784666,0,0
native_calls_10000,run,disabled,11,0.001704375,0,0
native_calls_10000,run,disabled,12,0.001709833,0,0
native_calls_10000,run,disabled,13,0.001712625,0,0
native_calls_10000,run,disabled,14,0.001712041,0,0
float_loop_10000,parse_compile_verify,na,0,0.000014084,0,0
float_loop_10000,parse_compile_verify,na,1,0.000013292,0,0
float_loop_10000,parse_compile_verify,na,2,0.000013000,0,0
float_loop_10000,parse_compile_verify,na,3,0.000012875,0,0
float_loop_10000,parse_compile_verify,na,4,0.000012833,0,0
float_loop_10000,parse_compile_verify,na,5,0.000012833,0,0
float_loop_10000,parse_compile_verify,na,6,0.000013083,0,0
float_loop_10000,parse_compile_verify,na,7,0.000012958,0,0
float_loop_10000,parse_compile_verify,na,8,0.000012791,0,0
float_loop_10000,parse_compile_verify,na,9,0.000013125,0,0
float_loop_10000,parse_compile_verify,na,10,0.000013042,0,0
float_loop_10000,parse_compile_verify,na,11,0.000012709,0,0
float_loop_10000,parse_compile_verify,na,12,0.000012750,0,0
float_loop_10000,parse_compile_verify,na,13,0.000019125,0,0
float_loop_10000,parse_compile_verify,na,14,0.000012958,0,0
float_loop_10000,run,default,0,0.000819250,50706,6625
float_loop_10000,run,default,1,0.000814959,52333,6959
float_loop_10000,run,default,2,0.000822834,55459,10709
float_loop_10000,run,default,3,0.000814458,53208,6708
float_loop_10000,run,default,4,0.000817541,51834,6375
float_loop_10000,run,default,5,0.000815000,52960,7667
float_loop_10000,run,default,6,0.000857791,59042,12959
float_loop_10000,run,default,7,0.000897542,55082,7417
float_loop_10000,run,default,8,0.000853666,52165,6834
float_loop_10000,run,default,9,0.000844458,51623,6833
float_loop_10000,run,default,10,0.000843083,51875,6625
float_loop_10000,run,default,11,0.000842417,51583,6542
float_loop_10000,run,default,12,0.000842250,51708,6625
float_loop_10000,run,default,13,0.000826625,51375,6500
float_loop_10000,run,default,14,0.000827916,51458,6458
float_loop_10000,run,disabled,0,0.000769000,0,0
float_loop_10000,run,disabled,1,0.000779916,0,0
float_loop_10000,run,disabled,2,0.000770250,0,0
float_loop_10000,run,disabled,3,0.000769458,0,0
float_loop_10000,run,disabled,4,0.000774375,0,0
float_loop_10000,run,disabled,5,0.000771042,0,0
float_loop_10000,run,disabled,6,0.000769791,0,0
float_loop_10000,run,disabled,7,0.000768917,0,0
float_loop_10000,run,disabled,8,0.000777625,0,0
float_loop_10000,run,disabled,9,0.000770750,0,0
float_loop_10000,run,disabled,10,0.000783458,0,0
float_loop_10000,run,disabled,11,0.000801542,0,0
float_loop_10000,run,disabled,12,0.000777000,0,0
float_loop_10000,run,disabled,13,0.000771500,0,0
float_loop_10000,run,disabled,14,0.000777083,0,0
list_iteration_1000,parse_compile_verify,na,0,0.000025708,0,0
list_iteration_1000,parse_compile_verify,na,1,0.000023459,0,0
list_iteration_1000,parse_compile_verify,na,2,0.000022292,0,0
list_iteration_1000,parse_compile_verify,na,3,0.000024458,0,0
list_iteration_1000,parse_compile_verify,na,4,0.000022083,0,0
list_iteration_1000,parse_compile_verify,na,5,0.000022083,0,0
list_iteration_1000,parse_compile_verify,na,6,0.000021958,0,0
list_iteration_1000,parse_compile_verify,na,7,0.000021959,0,0
list_iteration_1000,parse_compile_verify,na,8,0.000021708,0,0
list_iteration_1000,parse_compile_verify,na,9,0.000022000,0,0
list_iteration_1000,parse_compile_verify,na,10,0.000023583,0,0
list_iteration_1000,parse_compile_verify,na,11,0.000022125,0,0
list_iteration_1000,parse_compile_verify,na,12,0.000021917,0,0
list_iteration_1000,parse_compile_verify,na,13,0.000021750,0,0
list_iteration_1000,parse_compile_verify,na,14,0.000021959,0,0
list_iteration_1000,run,default,0,0.000263042,0,0
list_iteration_1000,run,default,1,0.000262583,0,0
list_iteration_1000,run,default,2,0.000262167,0,0
list_iteration_1000,run,default,3,0.000262167,0,0
list_iteration_1000,run,default,4,0.000262583,0,0
list_iteration_1000,run,default,5,0.000262792,0,0
list_iteration_1000,run,default,6,0.000262584,0,0
list_iteration_1000,run,default,7,0.000262959,0,0
list_iteration_1000,run,default,8,0.000272959,0,0
list_iteration_1000,run,default,9,0.000264875,0,0
list_iteration_1000,run,default,10,0.000263292,0,0
list_iteration_1000,run,default,11,0.000262375,0,0
list_iteration_1000,run,default,12,0.000262708,0,0
list_iteration_1000,run,default,13,0.000262584,0,0
list_iteration_1000,run,default,14,0.000263416,0,0
list_iteration_1000,run,disabled,0,0.000264708,0,0
list_iteration_1000,run,disabled,1,0.000263208,0,0
list_iteration_1000,run,disabled,2,0.000250958,0,0
list_iteration_1000,run,disabled,3,0.000251208,0,0
list_iteration_1000,run,disabled,4,0.000253417,0,0
list_iteration_1000,run,disabled,5,0.000250917,0,0
list_iteration_1000,run,disabled,6,0.000251916,0,0
list_iteration_1000,run,disabled,7,0.000252083,0,0
list_iteration_1000,run,disabled,8,0.000249708,0,0
list_iteration_1000,run,disabled,9,0.000250792,0,0
list_iteration_1000,run,disabled,10,0.000250667,0,0
list_iteration_1000,run,disabled,11,0.000250291,0,0
list_iteration_1000,run,disabled,12,0.000250625,0,0
list_iteration_1000,run,disabled,13,0.000250750,0,0
list_iteration_1000,run,disabled,14,0.000249958,0,0
closure_calls_10000,parse_compile_verify,na,0,0.000027500,0,0
closure_calls_10000,parse_compile_verify,na,1,0.000025833,0,0
closure_calls_10000,parse_compile_verify,na,2,0.000025792,0,0
closure_calls_10000,parse_compile_verify,na,3,0.000025709,0,0
closure_calls_10000,parse_compile_verify,na,4,0.000025333,0,0
closure_calls_10000,parse_compile_verify,na,5,0.000025500,0,0
closure_calls_10000,parse_compile_verify,na,6,0.000025208,0,0
closure_calls_10000,parse_compile_verify,na,7,0.000025375,0,0
closure_calls_10000,parse_compile_verify,na,8,0.000025084,0,0
closure_calls_10000,parse_compile_verify,na,9,0.000025666,0,0
closure_calls_10000,parse_compile_verify,na,10,0.000025833,0,0
closure_calls_10000,parse_compile_verify,na,11,0.000025208,0,0
closure_calls_10000,parse_compile_verify,na,12,0.000024917,0,0
closure_calls_10000,parse_compile_verify,na,13,0.000025000,0,0
closure_calls_10000,parse_compile_verify,na,14,0.000025167,0,0
closure_calls_10000,run,default,0,0.001056459,0,0
closure_calls_10000,run,default,1,0.001096375,0,0
closure_calls_10000,run,default,2,0.001007209,0,0
closure_calls_10000,run,default,3,0.001001458,0,0
closure_calls_10000,run,default,4,0.001008708,0,0
closure_calls_10000,run,default,5,0.001009750,0,0
closure_calls_10000,run,default,6,0.001002541,0,0
closure_calls_10000,run,default,7,0.001004917,0,0
closure_calls_10000,run,default,8,0.000997125,0,0
closure_calls_10000,run,default,9,0.001013375,0,0
closure_calls_10000,run,default,10,0.001019375,0,0
closure_calls_10000,run,default,11,0.001007292,0,0
closure_calls_10000,run,default,12,0.001011042,0,0
closure_calls_10000,run,default,13,0.001013458,0,0
closure_calls_10000,run,default,14,0.001010416,0,0
closure_calls_10000,run,disabled,0,0.001058250,0,0
closure_calls_10000,run,disabled,1,0.000985791,0,0
closure_calls_10000,run,disabled,2,0.000971750,0,0
closure_calls_10000,run,disabled,3,0.000968500,0,0
closure_calls_10000,run,disabled,4,0.000963500,0,0
closure_calls_10000,run,disabled,5,0.000965292,0,0
closure_calls_10000,run,disabled,6,0.000963667,0,0
closure_calls_10000,run,disabled,7,0.000975417,0,0
closure_calls_10000,run,disabled,8,0.000968125,0,0
closure_calls_10000,run,disabled,9,0.000986125,0,0
closure_calls_10000,run,disabled,10,0.000985625,0,0
closure_calls_10000,run,disabled,11,0.000978458,0,0
closure_calls_10000,run,disabled,12,0.000976500,0,0
closure_calls_10000,run,disabled,13,0.000975500,0,0
closure_calls_10000,run,disabled,14,0.000975125,0,0
closure_creation_5000,parse_compile_verify,na,0,0.000023209,0,0
closure_creation_5000,parse_compile_verify,na,1,0.000022291,0,0
closure_creation_5000,parse_compile_verify,na,2,0.000021916,0,0
closure_creation_5000,parse_compile_verify,na,3,0.000021625,0,0
closure_creation_5000,parse_compile_verify,na,4,0.000021750,0,0
closure_creation_5000,parse_compile_verify,na,5,0.000021459,0,0
closure_creation_5000,parse_compile_verify,na,6,0.000021542,0,0
closure_creation_5000,parse_compile_verify,na,7,0.000021250,0,0
closure_creation_5000,parse_compile_verify,na,8,0.000021292,0,0
closure_creation_5000,parse_compile_verify,na,9,0.000021750,0,0
closure_creation_5000,parse_compile_verify,na,10,0.000021209,0,0
closure_creation_5000,parse_compile_verify,na,11,0.000021291,0,0
closure_creation_5000,parse_compile_verify,na,12,0.000021208,0,0
closure_creation_5000,parse_compile_verify,na,13,0.000021167,0,0
closure_creation_5000,parse_compile_verify,na,14,0.000021333,0,0
closure_creation_5000,run,default,0,0.001036667,101415,12125
closure_creation_5000,run,default,1,0.000981292,102418,12583
closure_creation_5000,run,default,2,0.000979417,101790,12791
closure_creation_5000,run,default,3,0.000994500,100915,12250
closure_creation_5000,run,default,4,0.000978917,100291,12292
closure_creation_5000,run,default,5,0.000972208,99749,12167
closure_creation_5000,run,default,6,0.000977042,99209,12125
closure_creation_5000,run,default,7,0.000980042,100917,12208
closure_creation_5000,run,default,8,0.000973709,100708,12625
closure_creation_5000,run,default,9,0.000987208,99419,11917
closure_creation_5000,run,default,10,0.000977542,99790,12125
closure_creation_5000,run,default,11,0.000976042,100669,12375
closure_creation_5000,run,default,12,0.000979875,100418,12042
closure_creation_5000,run,default,13,0.000975209,100457,12375
closure_creation_5000,run,default,14,0.000978125,101333,12417
closure_creation_5000,run,disabled,0,0.000909667,0,0
closure_creation_5000,run,disabled,1,0.000966000,0,0
closure_creation_5000,run,disabled,2,0.000915333,0,0
closure_creation_5000,run,disabled,3,0.000900750,0,0
closure_creation_5000,run,disabled,4,0.000903458,0,0
closure_creation_5000,run,disabled,5,0.000881584,0,0
closure_creation_5000,run,disabled,6,0.000906250,0,0
closure_creation_5000,run,disabled,7,0.000940709,0,0
closure_creation_5000,run,disabled,8,0.000917959,0,0
closure_creation_5000,run,disabled,9,0.000959958,0,0
closure_creation_5000,run,disabled,10,0.000894417,0,0
closure_creation_5000,run,disabled,11,0.000931333,0,0
closure_creation_5000,run,disabled,12,0.000915000,0,0
closure_creation_5000,run,disabled,13,0.000915834,0,0
closure_creation_5000,run,disabled,14,0.000916209,0,0
keyword_calls_10000,parse_compile_verify,na,0,0.000025917,0,0
keyword_calls_10000,parse_compile_verify,na,1,0.000024417,0,0
keyword_calls_10000,parse_compile_verify,na,2,0.000024083,0,0
keyword_calls_10000,parse_compile_verify,na,3,0.000023792,0,0
keyword_calls_10000,parse_compile_verify,na,4,0.000023750,0,0
keyword_calls_10000,parse_compile_verify,na,5,0.000023625,0,0
keyword_calls_10000,parse_compile_verify,na,6,0.000023417,0,0
keyword_calls_10000,parse_compile_verify,na,7,0.000025458,0,0
keyword_calls_10000,parse_compile_verify,na,8,0.000024292,0,0
keyword_calls_10000,parse_compile_verify,na,9,0.000023542,0,0
keyword_calls_10000,parse_compile_verify,na,10,0.000023417,0,0
keyword_calls_10000,parse_compile_verify,na,11,0.000023292,0,0
keyword_calls_10000,parse_compile_verify,na,12,0.000023250,0,0
keyword_calls_10000,parse_compile_verify,na,13,0.000023334,0,0
keyword_calls_10000,parse_compile_verify,na,14,0.000023334,0,0
keyword_calls_10000,run,default,0,0.001404791,0,0
keyword_calls_10000,run,default,1,0.001402625,0,0
keyword_calls_10000,run,default,2,0.001406542,0,0
keyword_calls_10000,run,default,3,0.001402834,0,0
keyword_calls_10000,run,default,4,0.001421750,0,0
keyword_calls_10000,run,default,5,0.001401708,0,0
keyword_calls_10000,run,default,6,0.001403333,0,0
keyword_calls_10000,run,default,7,0.001401333,0,0
keyword_calls_10000,run,default,8,0.001403041,0,0
keyword_calls_10000,run,default,9,0.001406417,0,0
keyword_calls_10000,run,default,10,0.001451625,0,0
keyword_calls_10000,run,default,11,0.001435875,0,0
keyword_calls_10000,run,default,12,0.001409416,0,0
keyword_calls_10000,run,default,13,0.001408458,0,0
keyword_calls_10000,run,default,14,0.001407083,0,0
keyword_calls_10000,run,disabled,0,0.001377292,0,0
keyword_calls_10000,run,disabled,1,0.001348333,0,0
keyword_calls_10000,run,disabled,2,0.001348625,0,0
keyword_calls_10000,run,disabled,3,0.001347958,0,0
keyword_calls_10000,run,disabled,4,0.001348958,0,0
keyword_calls_10000,run,disabled,5,0.001412792,0,0
keyword_calls_10000,run,disabled,6,0.001338333,0,0
keyword_calls_10000,run,disabled,7,0.001339000,0,0
keyword_calls_10000,run,disabled,8,0.001334792,0,0
keyword_calls_10000,run,disabled,9,0.001333375,0,0
keyword_calls_10000,run,disabled,10,0.001323750,0,0
keyword_calls_10000,run,disabled,11,0.001330250,0,0
keyword_calls_10000,run,disabled,12,0.001343833,0,0
keyword_calls_10000,run,disabled,13,0.001329375,0,0
keyword_calls_10000,run,disabled,14,0.001331542,0,0
variadic_calls_10000,parse_compile_verify,na,0,0.000028667,0,0
variadic_calls_10000,parse_compile_verify,na,1,0.000027333,0,0
variadic_calls_10000,parse_compile_verify,na,2,0.000025500,0,0
variadic_calls_10000,parse_compile_verify,na,3,0.000024375,0,0
variadic_calls_10000,parse_compile_verify,na,4,0.000024375,0,0
variadic_calls_10000,parse_compile_verify,na,5,0.000024250,0,0
variadic_calls_10000,parse_compile_verify,na,6,0.000024292,0,0
variadic_calls_10000,parse_compile_verify,na,7,0.000023917,0,0
variadic_calls_10000,parse_compile_verify,na,8,0.000026209,0,0
variadic_calls_10000,parse_compile_verify,na,9,0.000026167,0,0
variadic_calls_10000,parse_compile_verify,na,10,0.000024458,0,0
variadic_calls_10000,parse_compile_verify,na,11,0.000024125,0,0
variadic_calls_10000,parse_compile_verify,na,12,0.000024166,0,0
variadic_calls_10000,parse_compile_verify,na,13,0.000024333,0,0
variadic_calls_10000,parse_compile_verify,na,14,0.000023959,0,0
variadic_calls_10000,run,default,0,0.004585750,681705,25292
variadic_calls_10000,run,default,1,0.004601334,678540,24417
variadic_calls_10000,run,default,2,0.004749959,732416,45708
variadic_calls_10000,run,default,3,0.004621750,686624,25375
variadic_calls_10000,run,default,4,0.004654042,689709,27959
variadic_calls_10000,run,default,5,0.004754667,696959,26125
variadic_calls_10000,run,default,6,0.004580042,703580,30458
variadic_calls_10000,run,default,7,0.004599042,708086,27416
variadic_calls_10000,run,default,8,0.004615875,705626,25042
variadic_calls_10000,run,default,9,0.004725042,765377,88292
variadic_calls_10000,run,default,10,0.004684750,708498,26542
variadic_calls_10000,run,default,11,0.005058708,763873,26833
variadic_calls_10000,run,default,12,0.005152041,782830,41167
variadic_calls_10000,run,default,13,0.005138167,777709,28625
variadic_calls_10000,run,default,14,0.005127916,769167,27833
variadic_calls_10000,run,disabled,0,0.004390458,0,0
variadic_calls_10000,run,disabled,1,0.004377709,0,0
variadic_calls_10000,run,disabled,2,0.004571458,0,0
variadic_calls_10000,run,disabled,3,0.004341083,0,0
variadic_calls_10000,run,disabled,4,0.004340625,0,0
variadic_calls_10000,run,disabled,5,0.004500125,0,0
variadic_calls_10000,run,disabled,6,0.004351042,0,0
variadic_calls_10000,run,disabled,7,0.004326125,0,0
variadic_calls_10000,run,disabled,8,0.004374166,0,0
variadic_calls_10000,run,disabled,9,0.004361167,0,0
variadic_calls_10000,run,disabled,10,0.004355667,0,0
variadic_calls_10000,run,disabled,11,0.004339000,0,0
variadic_calls_10000,run,disabled,12,0.005366292,0,0
variadic_calls_10000,run,disabled,13,0.004376125,0,0
variadic_calls_10000,run,disabled,14,0.004350417,0,0
expanded_calls_10000,parse_compile_verify,na,0,0.000091542,0,0
expanded_calls_10000,parse_compile_verify,na,1,0.000058041,0,0
expanded_calls_10000,parse_compile_verify,na,2,0.000044333,0,0
expanded_calls_10000,parse_compile_verify,na,3,0.000035167,0,0
expanded_calls_10000,parse_compile_verify,na,4,0.000033375,0,0
expanded_calls_10000,parse_compile_verify,na,5,0.000031416,0,0
expanded_calls_10000,parse_compile_verify,na,6,0.000031333,0,0
expanded_calls_10000,parse_compile_verify,na,7,0.000031166,0,0
expanded_calls_10000,parse_compile_verify,na,8,0.000030833,0,0
expanded_calls_10000,parse_compile_verify,na,9,0.000031209,0,0
expanded_calls_10000,parse_compile_verify,na,10,0.000031500,0,0
expanded_calls_10000,parse_compile_verify,na,11,0.000031208,0,0
expanded_calls_10000,parse_compile_verify,na,12,0.000030708,0,0
expanded_calls_10000,parse_compile_verify,na,13,0.000030834,0,0
expanded_calls_10000,parse_compile_verify,na,14,0.000030917,0,0
expanded_calls_10000,run,default,0,0.003239291,57125,7625
expanded_calls_10000,run,default,1,0.003258417,56959,7583
expanded_calls_10000,run,default,2,0.003432708,59582,7916
expanded_calls_10000,run,default,3,0.003728834,71459,18333
expanded_calls_10000,run,default,4,0.003439291,59291,8500
expanded_calls_10000,run,default,5,0.003414291,57790,7750
expanded_calls_10000,run,default,6,0.003438875,58876,7666
expanded_calls_10000,run,default,7,0.003796833,69958,13417
expanded_calls_10000,run,default,8,0.003298167,58081,8208
expanded_calls_10000,run,default,9,0.003288333,57915,7666
expanded_calls_10000,run,default,10,0.003263125,56918,7459
expanded_calls_10000,run,default,11,0.003279666,56624,7500
expanded_calls_10000,run,default,12,0.003773292,74460,13375
expanded_calls_10000,run,default,13,0.003479834,58793,8667
expanded_calls_10000,run,default,14,0.003403333,58043,7834
expanded_calls_10000,run,disabled,0,0.003470792,0,0
expanded_calls_10000,run,disabled,1,0.003360292,0,0
expanded_calls_10000,run,disabled,2,0.003332250,0,0
expanded_calls_10000,run,disabled,3,0.003359291,0,0
expanded_calls_10000,run,disabled,4,0.003387542,0,0
expanded_calls_10000,run,disabled,5,0.003645542,0,0
expanded_calls_10000,run,disabled,6,0.003230917,0,0
expanded_calls_10000,run,disabled,7,0.003217959,0,0
expanded_calls_10000,run,disabled,8,0.003225333,0,0
expanded_calls_10000,run,disabled,9,0.003242916,0,0
expanded_calls_10000,run,disabled,10,0.003542833,0,0
expanded_calls_10000,run,disabled,11,0.003155083,0,0
expanded_calls_10000,run,disabled,12,0.003192167,0,0
expanded_calls_10000,run,disabled,13,0.003163500,0,0
expanded_calls_10000,run,disabled,14,0.003136417,0,0
dict_lookup_10000,parse_compile_verify,na,0,0.000026459,0,0
dict_lookup_10000,parse_compile_verify,na,1,0.000025583,0,0
dict_lookup_10000,parse_compile_verify,na,2,0.000025334,0,0
dict_lookup_10000,parse_compile_verify,na,3,0.000025000,0,0
dict_lookup_10000,parse_compile_verify,na,4,0.000025084,0,0
dict_lookup_10000,parse_compile_verify,na,5,0.000025208,0,0
dict_lookup_10000,parse_compile_verify,na,6,0.000024917,0,0
dict_lookup_10000,parse_compile_verify,na,7,0.000024750,0,0
dict_lookup_10000,parse_compile_verify,na,8,0.000025000,0,0
dict_lookup_10000,parse_compile_verify,na,9,0.000024917,0,0
dict_lookup_10000,parse_compile_verify,na,10,0.000024750,0,0
dict_lookup_10000,parse_compile_verify,na,11,0.000024750,0,0
dict_lookup_10000,parse_compile_verify,na,12,0.000024667,0,0
dict_lookup_10000,parse_compile_verify,na,13,0.000024833,0,0
dict_lookup_10000,parse_compile_verify,na,14,0.000024667,0,0
dict_lookup_10000,run,default,0,0.001345333,0,0
dict_lookup_10000,run,default,1,0.001343125,0,0
dict_lookup_10000,run,default,2,0.001343500,0,0
dict_lookup_10000,run,default,3,0.001329458,0,0
dict_lookup_10000,run,default,4,0.001335833,0,0
dict_lookup_10000,run,default,5,0.001343833,0,0
dict_lookup_10000,run,default,6,0.001341167,0,0
dict_lookup_10000,run,default,7,0.001342292,0,0
dict_lookup_10000,run,default,8,0.001341584,0,0
dict_lookup_10000,run,default,9,0.001345209,0,0
dict_lookup_10000,run,default,10,0.001664375,0,0
dict_lookup_10000,run,default,11,0.001385750,0,0
dict_lookup_10000,run,default,12,0.001342833,0,0
dict_lookup_10000,run,default,13,0.001351958,0,0
dict_lookup_10000,run,default,14,0.001344458,0,0
dict_lookup_10000,run,disabled,0,0.001287250,0,0
dict_lookup_10000,run,disabled,1,0.001291125,0,0
dict_lookup_10000,run,disabled,2,0.001309083,0,0
dict_lookup_10000,run,disabled,3,0.001288625,0,0
dict_lookup_10000,run,disabled,4,0.001289750,0,0
dict_lookup_10000,run,disabled,5,0.001359625,0,0
dict_lookup_10000,run,disabled,6,0.001416375,0,0
dict_lookup_10000,run,disabled,7,0.001301125,0,0
dict_lookup_10000,run,disabled,8,0.001301666,0,0
dict_lookup_10000,run,disabled,9,0.001285250,0,0
dict_lookup_10000,run,disabled,10,0.001289959,0,0
dict_lookup_10000,run,disabled,11,0.001291667,0,0
dict_lookup_10000,run,disabled,12,0.001302083,0,0
dict_lookup_10000,run,disabled,13,0.001311791,0,0
dict_lookup_10000,run,disabled,14,0.001285583,0,0
dict_insert_10000,parse_compile_verify,na,0,0.000018167,0,0
dict_insert_10000,parse_compile_verify,na,1,0.000017334,0,0
dict_insert_10000,parse_compile_verify,na,2,0.000017000,0,0
dict_insert_10000,parse_compile_verify,na,3,0.000016625,0,0
dict_insert_10000,parse_compile_verify,na,4,0.000016541,0,0
dict_insert_10000,parse_compile_verify,na,5,0.000016667,0,0
dict_insert_10000,parse_compile_verify,na,6,0.000016500,0,0
dict_insert_10000,parse_compile_verify,na,7,0.000016500,0,0
dict_insert_10000,parse_compile_verify,na,8,0.000016584,0,0
dict_insert_10000,parse_compile_verify,na,9,0.000016750,0,0
dict_insert_10000,parse_compile_verify,na,10,0.000016791,0,0
dict_insert_10000,parse_compile_verify,na,11,0.000016833,0,0
dict_insert_10000,parse_compile_verify,na,12,0.000016500,0,0
dict_insert_10000,parse_compile_verify,na,13,0.000016625,0,0
dict_insert_10000,parse_compile_verify,na,14,0.000016459,0,0
dict_insert_10000,run,default,0,0.001827791,0,0
dict_insert_10000,run,default,1,0.001649375,0,0
dict_insert_10000,run,default,2,0.001594917,0,0
dict_insert_10000,run,default,3,0.001609291,0,0
dict_insert_10000,run,default,4,0.001600958,0,0
dict_insert_10000,run,default,5,0.001600958,0,0
dict_insert_10000,run,default,6,0.001600500,0,0
dict_insert_10000,run,default,7,0.001599000,0,0
dict_insert_10000,run,default,8,0.001599042,0,0
dict_insert_10000,run,default,9,0.001600375,0,0
dict_insert_10000,run,default,10,0.001918167,0,0
dict_insert_10000,run,default,11,0.001643375,0,0
dict_insert_10000,run,default,12,0.001586583,0,0
dict_insert_10000,run,default,13,0.001592583,0,0
dict_insert_10000,run,default,14,0.001600917,0,0
dict_insert_10000,run,disabled,0,0.001545584,0,0
dict_insert_10000,run,disabled,1,0.001553708,0,0
dict_insert_10000,run,disabled,2,0.001555625,0,0
dict_insert_10000,run,disabled,3,0.001753291,0,0
dict_insert_10000,run,disabled,4,0.001603375,0,0
dict_insert_10000,run,disabled,5,0.001563500,0,0
dict_insert_10000,run,disabled,6,0.001543917,0,0
dict_insert_10000,run,disabled,7,0.001560000,0,0
dict_insert_10000,run,disabled,8,0.001537958,0,0
dict_insert_10000,run,disabled,9,0.001533625,0,0
dict_insert_10000,run,disabled,10,0.001544125,0,0
dict_insert_10000,run,disabled,11,0.001540625,0,0
dict_insert_10000,run,disabled,12,0.001562583,0,0
dict_insert_10000,run,disabled,13,0.001669750,0,0
dict_insert_10000,run,disabled,14,0.001753083,0,0
cyclic_garbage_10000,parse_compile_verify,na,0,0.000016208,0,0
cyclic_garbage_10000,parse_compile_verify,na,1,0.000015542,0,0
cyclic_garbage_10000,parse_compile_verify,na,2,0.000015084,0,0
cyclic_garbage_10000,parse_compile_verify,na,3,0.000015125,0,0
cyclic_garbage_10000,parse_compile_verify,na,4,0.000015125,0,0
cyclic_garbage_10000,parse_compile_verify,na,5,0.000015042,0,0
cyclic_garbage_10000,parse_compile_verify,na,6,0.000014666,0,0
cyclic_garbage_10000,parse_compile_verify,na,7,0.000014875,0,0
cyclic_garbage_10000,parse_compile_verify,na,8,0.000014917,0,0
cyclic_garbage_10000,parse_compile_verify,na,9,0.000014959,0,0
cyclic_garbage_10000,parse_compile_verify,na,10,0.000014542,0,0
cyclic_garbage_10000,parse_compile_verify,na,11,0.000014708,0,0
cyclic_garbage_10000,parse_compile_verify,na,12,0.000020125,0,0
cyclic_garbage_10000,parse_compile_verify,na,13,0.000015709,0,0
cyclic_garbage_10000,parse_compile_verify,na,14,0.000015000,0,0
cyclic_garbage_10000,run,default,0,0.002051084,419456,16041
cyclic_garbage_10000,run,default,1,0.002033209,420585,15084
cyclic_garbage_10000,run,default,2,0.002064292,425376,20375
cyclic_garbage_10000,run,default,3,0.002027541,419919,15334
cyclic_garbage_10000,run,default,4,0.002079958,436581,24209
cyclic_garbage_10000,run,default,5,0.002130459,430038,20875
cyclic_garbage_10000,run,default,6,0.002027584,406042,15750
cyclic_garbage_10000,run,default,7,0.002020250,404294,15250
cyclic_garbage_10000,run,default,8,0.002018792,404084,15083
cyclic_garbage_10000,run,default,9,0.002024917,406749,15584
cyclic_garbage_10000,run,default,10,0.002028958,403707,15000
cyclic_garbage_10000,run,default,11,0.002017333,403877,15167
cyclic_garbage_10000,run,default,12,0.002072500,422625,31458
cyclic_garbage_10000,run,default,13,0.002241958,452337,31417
cyclic_garbage_10000,run,default,14,0.002029584,407044,16250
cyclic_garbage_10000,run,disabled,0,0.001644250,0,0
cyclic_garbage_10000,run,disabled,1,0.001640833,0,0
cyclic_garbage_10000,run,disabled,2,0.001655125,0,0
cyclic_garbage_10000,run,disabled,3,0.001646791,0,0
cyclic_garbage_10000,run,disabled,4,0.001922334,0,0
cyclic_garbage_10000,run,disabled,5,0.001681667,0,0
cyclic_garbage_10000,run,disabled,6,0.001646125,0,0
cyclic_garbage_10000,run,disabled,7,0.001654375,0,0
cyclic_garbage_10000,run,disabled,8,0.001645292,0,0
cyclic_garbage_10000,run,disabled,9,0.001655000,0,0
cyclic_garbage_10000,run,disabled,10,0.001655042,0,0
cyclic_garbage_10000,run,disabled,11,0.001642500,0,0
cyclic_garbage_10000,run,disabled,12,0.001916958,0,0
cyclic_garbage_10000,run,disabled,13,0.001710166,0,0
cyclic_garbage_10000,run,disabled,14,0.001646625,0,0
native_scope_100000,native_scope,na,0,0.004564042,0,0
native_scope_100000,native_scope,na,1,0.004162500,0,0
native_scope_100000,native_scope,na,2,0.004262042,0,0
native_scope_100000,native_scope,na,3,0.004247500,0,0
native_scope_100000,native_scope,na,4,0.004366958,0,0
native_scope_100000,native_scope,na,5,0.004127291,0,0
native_scope_100000,native_scope,na,6,0.004124833,0,0
native_scope_100000,native_scope,na,7,0.004123750,0,0
native_scope_100000,native_scope,na,8,0.004560958,0,0
native_scope_100000,native_scope,na,9,0.004177625,0,0
native_scope_100000,native_scope,na,10,0.004174166,0,0
native_scope_100000,native_scope,na,11,0.004224542,0,0
native_scope_100000,native_scope,na,12,0.004424208,0,0
native_scope_100000,native_scope,na,13,0.004218125,0,0
native_scope_100000,native_scope,na,14,0.004228333,0,0
